,Day,Travel time on A,Travel time on B,Mean HDV travel time,Mean HDV Perceived travel time,Mean CAV travel time,HDV count on A,HDV count on B,CAV count on A,CAV count on B
0,0.0,9.841280000000001,21.048375,15.534484260000001,-1.0,0.0,492.0,508.0,0.0,0.0
1,1.0,16.552,16.35,16.50352,-1.0,0.0,760.0,240.0,0.0,0.0
2,2.0,15.952,16.584375,16.1164175,-1.0,0.0,740.0,260.0,0.0,0.0
3,3.0,15.62882,16.7212734375,15.9248748815625,-1.0,0.0,729.0,271.0,0.0,0.0
4,4.0,16.07072,16.536,16.18983168,-1.0,0.0,744.0,256.0,0.0,0.0
5,5.0,15.922419999999999,16.5965859375,16.098377309687496,-1.0,0.0,739.0,261.0,0.0,0.0
6,6.0,15.59968,16.734,15.90821504,-1.0,0.0,728.0,272.0,0.0,0.0
7,7.0,16.76578,16.2723984375,16.6508220959375,-1.0,0.0,767.0,233.0,0.0,0.0
8,8.0,16.28002,16.4531484375,16.3231289809375,-1.0,0.0,751.0,249.0,0.0,0.0
9,9.0,16.07072,16.536,16.18983168,-1.0,0.0,744.0,256.0,0.0,0.0
10,10.0,16.28002,16.4531484375,16.3231289809375,-1.0,0.0,751.0,249.0,0.0,0.0
11,11.0,15.86338,16.6211484375,16.0626730990625,-1.0,0.0,737.0,263.0,0.0,0.0
12,12.0,16.552,16.35,16.50352,-1.0,0.0,760.0,240.0,0.0,0.0
13,13.0,15.922419999999999,16.5965859375,16.098377309687496,-1.0,0.0,739.0,261.0,0.0,0.0
14,14.0,15.54152,16.75959375,15.8752722075,-1.0,0.0,726.0,274.0,0.0,0.0
15,15.0,16.16018,16.5002109375,16.2462078271875,-1.0,0.0,747.0,253.0,0.0,0.0
16,16.0,16.01128,16.56009375,16.1528739475,-1.0,0.0,742.0,258.0,0.0,0.0
17,17.0,15.657999999999998,16.70859375,15.941660312499998,-1.0,0.0,730.0,270.0,0.0,0.0
18,18.0,16.13032,16.51209375,16.2272905325,-1.0,0.0,746.0,254.0,0.0,0.0
19,19.0,17.012500000000003,16.1865234375,16.8266552734375,-1.0,0.0,775.0,225.0,0.0,0.0
20,20.0,14.91232,17.0535,15.546109280000001,-1.0,0.0,704.0,296.0,0.0,0.0
21,21.0,16.61288,16.32759375,16.5449818725,-1.0,0.0,762.0,238.0,0.0,0.0
22,22.0,15.5125,16.7724609375,15.8589892578125,-1.0,0.0,725.0,275.0,0.0,0.0
23,23.0,16.190080000000002,16.488375,16.26525034,-1.0,0.0,748.0,252.0,0.0,0.0
24,24.0,16.58242,16.3387734375,16.5241884715625,-1.0,0.0,761.0,239.0,0.0,0.0
25,25.0,14.856079999999999,17.08134375,15.519208597499997,-1.0,0.0,702.0,298.0,0.0,0.0
26,26.0,16.220019999999998,16.4765859375,16.2844180503125,-1.0,0.0,749.0,251.0,0.0,0.0
27,27.0,15.68722,16.6959609375,15.9585713121875,-1.0,0.0,731.0,269.0,0.0,0.0
28,28.0,16.67392,16.305375,16.58694338,-1.0,0.0,764.0,236.0,0.0,0.0
29,29.0,16.46098,16.3839609375,16.4422643678125,-1.0,0.0,757.0,243.0,0.0,0.0
30,30.0,15.62882,16.7212734375,15.9248748815625,-1.0,0.0,729.0,271.0,0.0,0.0
31,31.0,15.86338,16.6211484375,16.0626730990625,-1.0,0.0,737.0,263.0,0.0,0.0
32,32.0,15.981620000000001,16.5722109375,16.134583052812502,-1.0,0.0,741.0,259.0,0.0,0.0
33,33.0,16.13032,16.51209375,16.2272905325,-1.0,0.0,746.0,254.0,0.0,0.0
34,34.0,16.34018,16.4298984375,16.3623404540625,-1.0,0.0,753.0,247.0,0.0,0.0
35,35.0,16.31008,16.4415,16.34267216,-1.0,0.0,752.0,248.0,0.0,0.0
36,36.0,16.46098,16.3839609375,16.4422643678125,-1.0,0.0,757.0,243.0,0.0,0.0
37,37.0,15.833919999999999,16.6335,16.04500912,-1.0,0.0,736.0,264.0,0.0,0.0
38,38.0,16.858,16.23984375,16.7158240625,-1.0,0.0,770.0,230.0,0.0,0.0
39,39.0,15.25312,16.890375,15.718100419999999,-1.0,0.0,716.0,284.0,0.0,0.0
40,40.0,15.570579999999998,16.7467734375,15.891680808437497,-1.0,0.0,727.0,273.0,0.0,0.0
41,41.0,16.04098,16.5480234375,16.1712901634375,-1.0,0.0,743.0,257.0,0.0,0.0
42,42.0,16.61288,16.32759375,16.5449818725,-1.0,0.0,762.0,238.0,0.0,0.0
43,43.0,15.716479999999999,16.683375,15.97560786,-1.0,0.0,732.0,268.0,0.0,0.0
44,44.0,16.735120000000002,16.28334375,16.6294043575,-1.0,0.0,766.0,234.0,0.0,0.0
45,45.0,16.796480000000003,16.261499999999998,16.67236464,-1.0,0.0,768.0,232.0,0.0,0.0
46,46.0,15.54152,16.75959375,15.8752722075,-1.0,0.0,726.0,274.0,0.0,0.0
47,47.0,17.012500000000003,16.1865234375,16.8266552734375,-1.0,0.0,775.0,225.0,0.0,0.0
48,48.0,16.34018,16.4298984375,16.3623404540625,-1.0,0.0,753.0,247.0,0.0,0.0
49,49.0,16.31008,16.4415,16.34267216,-1.0,0.0,752.0,248.0,0.0,0.0
50,50.0,16.01128,16.56009375,16.1528739475,-1.0,0.0,742.0,258.0,0.0,0.0
51,51.0,16.88882,16.2290859375,16.7377408996875,-1.0,0.0,771.0,229.0,0.0,0.0
52,52.0,14.884179999999999,17.0673984375,15.5325958759375,-1.0,0.0,703.0,297.0,0.0,0.0
53,53.0,16.7045,16.2943359375,16.608111445312502,-1.0,0.0,765.0,235.0,0.0,0.0
54,54.0,15.45458,16.7983359375,15.826800394687499,-1.0,0.0,723.0,277.0,0.0,0.0
55,55.0,16.82722,16.2506484375,16.6940319690625,-1.0,0.0,769.0,231.0,0.0,0.0
56,56.0,16.13032,16.51209375,16.2272905325,-1.0,0.0,746.0,254.0,0.0,0.0
57,57.0,16.31008,16.4415,16.34267216,-1.0,0.0,752.0,248.0,0.0,0.0
58,58.0,16.49128,16.37259375,16.4625579275,-1.0,0.0,758.0,242.0,0.0,0.0
59,59.0,16.220019999999998,16.4765859375,16.2844180503125,-1.0,0.0,749.0,251.0,0.0,0.0
60,60.0,16.552,16.35,16.50352,-1.0,0.0,760.0,240.0,0.0,0.0
61,61.0,16.34018,16.4298984375,16.3623404540625,-1.0,0.0,753.0,247.0,0.0,0.0
62,62.0,16.49128,16.37259375,16.4625579275,-1.0,0.0,758.0,242.0,0.0,0.0
63,63.0,15.86338,16.6211484375,16.0626730990625,-1.0,0.0,737.0,263.0,0.0,0.0
64,64.0,16.95058,16.2077109375,16.7819487228125,-1.0,0.0,773.0,227.0,0.0,0.0
65,65.0,15.86338,16.6211484375,16.0626730990625,-1.0,0.0,737.0,263.0,0.0,0.0
66,66.0,15.54152,16.75959375,15.8752722075,-1.0,0.0,726.0,274.0,0.0,0.0
67,67.0,16.61288,16.32759375,16.5449818725,-1.0,0.0,762.0,238.0,0.0,0.0
68,68.0,16.28002,16.4531484375,16.3231289809375,-1.0,0.0,751.0,249.0,0.0,0.0
69,69.0,16.1005,16.5240234375,16.2084984765625,-1.0,0.0,745.0,255.0,0.0,0.0
70,70.0,15.89288,16.60884375,16.080462502499998,-1.0,0.0,738.0,262.0,0.0,0.0
71,71.0,16.43072,16.395375,16.422095820000003,-1.0,0.0,756.0,244.0,0.0,0.0
72,72.0,16.28002,16.4531484375,16.3231289809375,-1.0,0.0,751.0,249.0,0.0,0.0
73,73.0,16.43072,16.395375,16.422095820000003,-1.0,0.0,756.0,244.0,0.0,0.0
74,74.0,16.1005,16.5240234375,16.2084984765625,-1.0,0.0,745.0,255.0,0.0,0.0
75,75.0,16.220019999999998,16.4765859375,16.2844180503125,-1.0,0.0,749.0,251.0,0.0,0.0
76,76.0,16.1005,16.5240234375,16.2084984765625,-1.0,0.0,745.0,255.0,0.0,0.0
77,77.0,15.775120000000001,16.65834375,16.0100575175,-1.0,0.0,734.0,266.0,0.0,0.0
78,78.0,15.981620000000001,16.5722109375,16.134583052812502,-1.0,0.0,741.0,259.0,0.0,0.0
79,79.0,16.49128,16.37259375,16.4625579275,-1.0,0.0,758.0,242.0,0.0,0.0
80,80.0,17.13682,16.1447109375,16.917563897187502,-1.0,0.0,779.0,221.0,0.0,0.0
81,81.0,15.952,16.584375,16.1164175,-1.0,0.0,740.0,260.0,0.0,0.0
82,82.0,16.31008,16.4415,16.34267216,-1.0,0.0,752.0,248.0,0.0,0.0
83,83.0,15.62882,16.7212734375,15.9248748815625,-1.0,0.0,729.0,271.0,0.0,0.0
84,84.0,16.64338,16.3164609375,16.5659001821875,-1.0,0.0,763.0,237.0,0.0,0.0
85,85.0,16.796480000000003,16.261499999999998,16.67236464,-1.0,0.0,768.0,232.0,0.0,0.0
86,86.0,16.01128,16.56009375,16.1528739475,-1.0,0.0,742.0,258.0,0.0,0.0
87,87.0,16.64338,16.3164609375,16.5659001821875,-1.0,0.0,763.0,237.0,0.0,0.0
88,88.0,16.190080000000002,16.488375,16.26525034,-1.0,0.0,748.0,252.0,0.0,0.0
89,89.0,16.49128,16.37259375,16.4625579275,-1.0,0.0,758.0,242.0,0.0,0.0
90,90.0,16.34018,16.4298984375,16.3623404540625,-1.0,0.0,753.0,247.0,0.0,0.0
91,91.0,15.45458,16.7983359375,15.826800394687499,-1.0,0.0,723.0,277.0,0.0,0.0
92,92.0,16.46098,16.3839609375,16.4422643678125,-1.0,0.0,757.0,243.0,0.0,0.0
93,93.0,16.37032,16.41834375,16.3821338425,-1.0,0.0,754.0,246.0,0.0,0.0
94,94.0,16.37032,16.41834375,16.3821338425,-1.0,0.0,754.0,246.0,0.0,0.0
95,95.0,16.4005,16.4068359375,16.402052304687498,-1.0,0.0,755.0,245.0,0.0,0.0
96,96.0,16.61288,16.32759375,16.5449818725,-1.0,0.0,762.0,238.0,0.0,0.0
97,97.0,16.521620000000002,16.3612734375,16.4829764784375,-1.0,0.0,759.0,241.0,0.0,0.0
98,98.0,16.67392,16.305375,16.58694338,-1.0,0.0,764.0,236.0,0.0,0.0
99,99.0,13.68562,17.7253359375,15.0631631346875,-1.0,0.0,659.0,341.0,0.0,0.0
100,100.0,16.25,16.46484375,16.3037109375,-1.0,0.0,750.0,250.0,0.0,0.0
101,101.0,15.89288,16.60884375,16.080462502499998,-1.0,0.0,738.0,262.0,0.0,0.0
102,102.0,16.67392,16.305375,16.58694338,-1.0,0.0,764.0,236.0,0.0,0.0
103,103.0,16.04098,16.5480234375,16.1712901634375,-1.0,0.0,743.0,257.0,0.0,0.0
104,104.0,16.67392,16.305375,16.58694338,-1.0,0.0,764.0,236.0,0.0,0.0
105,105.0,16.46098,16.3839609375,16.4422643678125,-1.0,0.0,757.0,243.0,0.0,0.0
106,106.0,16.76578,16.2723984375,16.6508220959375,-1.0,0.0,767.0,233.0,0.0,0.0
107,107.0,16.67392,16.305375,16.58694338,-1.0,0.0,764.0,236.0,0.0,0.0
108,108.0,16.76578,16.2723984375,16.6508220959375,-1.0,0.0,767.0,233.0,0.0,0.0
109,109.0,12.663219999999999,18.4022109375,14.849775547187498,-1.0,0.0,619.0,381.0,0.0,0.0
110,110.0,15.570579999999998,16.7467734375,15.891680808437497,-1.0,0.0,727.0,273.0,0.0,0.0
111,111.0,15.833919999999999,16.6335,16.04500912,-1.0,0.0,736.0,264.0,0.0,0.0
112,112.0,16.67392,16.305375,16.58694338,-1.0,0.0,764.0,236.0,0.0,0.0
113,113.0,15.952,16.584375,16.1164175,-1.0,0.0,740.0,260.0,0.0,0.0
114,114.0,16.37032,16.41834375,16.3821338425,-1.0,0.0,754.0,246.0,0.0,0.0
115,115.0,15.952,16.584375,16.1164175,-1.0,0.0,740.0,260.0,0.0,0.0
116,116.0,16.190080000000002,16.488375,16.26525034,-1.0,0.0,748.0,252.0,0.0,0.0
117,117.0,15.339220000000001,16.8506484375,15.763931390937499,-1.0,0.0,719.0,281.0,0.0,0.0
118,118.0,16.43072,16.395375,16.422095820000003,-1.0,0.0,756.0,244.0,0.0,0.0
119,119.0,15.952,16.584375,16.1164175,-1.0,0.0,740.0,260.0,0.0,0.0
120,120.0,15.804499999999999,16.6458984375,16.0274705859375,-1.0,0.0,735.0,265.0,0.0,0.0
121,121.0,16.04098,16.5480234375,16.1712901634375,-1.0,0.0,743.0,257.0,0.0,0.0
122,122.0,16.91968,16.218375,16.75978246,-1.0,0.0,772.0,228.0,0.0,0.0
123,123.0,15.981620000000001,16.5722109375,16.134583052812502,-1.0,0.0,741.0,259.0,0.0,0.0
124,124.0,16.07072,16.536,16.18983168,-1.0,0.0,744.0,256.0,0.0,0.0
125,125.0,16.76578,16.2723984375,16.6508220959375,-1.0,0.0,767.0,233.0,0.0,0.0
126,126.0,16.28002,16.4531484375,16.3231289809375,-1.0,0.0,751.0,249.0,0.0,0.0
127,127.0,16.04098,16.5480234375,16.1712901634375,-1.0,0.0,743.0,257.0,0.0,0.0
128,128.0,16.552,16.35,16.50352,-1.0,0.0,760.0,240.0,0.0,0.0
129,129.0,15.981620000000001,16.5722109375,16.134583052812502,-1.0,0.0,741.0,259.0,0.0,0.0
130,130.0,16.37032,16.41834375,16.3821338425,-1.0,0.0,754.0,246.0,0.0,0.0
131,131.0,16.4005,16.4068359375,16.402052304687498,-1.0,0.0,755.0,245.0,0.0,0.0
132,132.0,16.34018,16.4298984375,16.3623404540625,-1.0,0.0,753.0,247.0,0.0,0.0
133,133.0,16.28002,16.4531484375,16.3231289809375,-1.0,0.0,751.0,249.0,0.0,0.0
134,134.0,16.46098,16.3839609375,16.4422643678125,-1.0,0.0,757.0,243.0,0.0,0.0
135,135.0,16.37032,16.41834375,16.3821338425,-1.0,0.0,754.0,246.0,0.0,0.0
136,136.0,16.13032,16.51209375,16.2272905325,-1.0,0.0,746.0,254.0,0.0,0.0
137,137.0,15.74578,16.6708359375,15.9927699353125,-1.0,0.0,733.0,267.0,0.0,0.0
138,138.0,15.25312,16.890375,15.718100419999999,-1.0,0.0,716.0,284.0,0.0,0.0
139,139.0,16.88882,16.2290859375,16.7377408996875,-1.0,0.0,771.0,229.0,0.0,0.0
140,140.0,15.952,16.584375,16.1164175,-1.0,0.0,740.0,260.0,0.0,0.0
141,141.0,16.07072,16.536,16.18983168,-1.0,0.0,744.0,256.0,0.0,0.0
142,142.0,16.796480000000003,16.261499999999998,16.67236464,-1.0,0.0,768.0,232.0,0.0,0.0
143,143.0,16.28002,16.4531484375,16.3231289809375,-1.0,0.0,751.0,249.0,0.0,0.0
144,144.0,16.16018,16.5002109375,16.2462078271875,-1.0,0.0,747.0,253.0,0.0,0.0
145,145.0,15.952,16.584375,16.1164175,-1.0,0.0,740.0,260.0,0.0,0.0
146,146.0,16.13032,16.51209375,16.2272905325,-1.0,0.0,746.0,254.0,0.0,0.0
147,147.0,16.64338,16.3164609375,16.5659001821875,-1.0,0.0,763.0,237.0,0.0,0.0
148,148.0,15.59968,16.734,15.90821504,-1.0,0.0,728.0,272.0,0.0,0.0
149,149.0,16.46098,16.3839609375,16.4422643678125,-1.0,0.0,757.0,243.0,0.0,0.0
150,150.0,16.37032,16.41834375,16.3821338425,-1.0,0.0,754.0,246.0,0.0,0.0
151,151.0,15.922419999999999,16.5965859375,16.098377309687496,-1.0,0.0,739.0,261.0,0.0,0.0
152,152.0,16.1005,16.5240234375,16.2084984765625,-1.0,0.0,745.0,255.0,0.0,0.0
153,153.0,16.7045,16.2943359375,16.608111445312502,-1.0,0.0,765.0,235.0,0.0,0.0
154,154.0,15.86338,16.6211484375,16.0626730990625,-1.0,0.0,737.0,263.0,0.0,0.0
155,155.0,15.86338,16.6211484375,16.0626730990625,-1.0,0.0,737.0,263.0,0.0,0.0
156,156.0,14.940499999999998,17.0396484375,15.559748789062498,-1.0,0.0,705.0,295.0,0.0,0.0
157,157.0,16.521620000000002,16.3612734375,16.4829764784375,-1.0,0.0,759.0,241.0,0.0,0.0
158,158.0,16.01128,16.56009375,16.1528739475,-1.0,0.0,742.0,258.0,0.0,0.0
159,159.0,16.521620000000002,16.3612734375,16.4829764784375,-1.0,0.0,759.0,241.0,0.0,0.0
160,160.0,17.04352,16.176000000000002,16.849195520000002,-1.0,0.0,776.0,224.0,0.0,0.0
161,161.0,15.981620000000001,16.5722109375,16.134583052812502,-1.0,0.0,741.0,259.0,0.0,0.0
162,162.0,15.281779999999998,16.8770859375,15.7332515803125,-1.0,0.0,717.0,283.0,0.0,0.0
163,163.0,15.62882,16.7212734375,15.9248748815625,-1.0,0.0,729.0,271.0,0.0,0.0
164,164.0,16.61288,16.32759375,16.5449818725,-1.0,0.0,762.0,238.0,0.0,0.0
165,165.0,16.25,16.46484375,16.3037109375,-1.0,0.0,750.0,250.0,0.0,0.0
166,166.0,16.61288,16.32759375,16.5449818725,-1.0,0.0,762.0,238.0,0.0,0.0
167,167.0,16.37032,16.41834375,16.3821338425,-1.0,0.0,754.0,246.0,0.0,0.0
168,168.0,16.220019999999998,16.4765859375,16.2844180503125,-1.0,0.0,749.0,251.0,0.0,0.0
169,169.0,15.570579999999998,16.7467734375,15.891680808437497,-1.0,0.0,727.0,273.0,0.0,0.0
170,170.0,16.07072,16.536,16.18983168,-1.0,0.0,744.0,256.0,0.0,0.0
171,171.0,15.89288,16.60884375,16.080462502499998,-1.0,0.0,738.0,262.0,0.0,0.0
172,172.0,16.67392,16.305375,16.58694338,-1.0,0.0,764.0,236.0,0.0,0.0
173,173.0,15.804499999999999,16.6458984375,16.0274705859375,-1.0,0.0,735.0,265.0,0.0,0.0
174,174.0,15.89288,16.60884375,16.080462502499998,-1.0,0.0,738.0,262.0,0.0,0.0
175,175.0,16.58242,16.3387734375,16.5241884715625,-1.0,0.0,761.0,239.0,0.0,0.0
176,176.0,15.86338,16.6211484375,16.0626730990625,-1.0,0.0,737.0,263.0,0.0,0.0
177,177.0,16.43072,16.395375,16.422095820000003,-1.0,0.0,756.0,244.0,0.0,0.0
178,178.0,16.28002,16.4531484375,16.3231289809375,-1.0,0.0,751.0,249.0,0.0,0.0
179,179.0,17.012500000000003,16.1865234375,16.8266552734375,-1.0,0.0,775.0,225.0,0.0,0.0
180,180.0,15.86338,16.6211484375,16.0626730990625,-1.0,0.0,737.0,263.0,0.0,0.0
181,181.0,16.43072,16.395375,16.422095820000003,-1.0,0.0,756.0,244.0,0.0,0.0
182,182.0,15.657999999999998,16.70859375,15.941660312499998,-1.0,0.0,730.0,270.0,0.0,0.0
183,183.0,16.521620000000002,16.3612734375,16.4829764784375,-1.0,0.0,759.0,241.0,0.0,0.0
184,184.0,15.804499999999999,16.6458984375,16.0274705859375,-1.0,0.0,735.0,265.0,0.0,0.0
185,185.0,16.25,16.46484375,16.3037109375,-1.0,0.0,750.0,250.0,0.0,0.0
186,186.0,15.74578,16.6708359375,15.9927699353125,-1.0,0.0,733.0,267.0,0.0,0.0
187,187.0,16.735120000000002,16.28334375,16.6294043575,-1.0,0.0,766.0,234.0,0.0,0.0
188,188.0,16.25,16.46484375,16.3037109375,-1.0,0.0,750.0,250.0,0.0,0.0
189,189.0,15.68722,16.6959609375,15.9585713121875,-1.0,0.0,731.0,269.0,0.0,0.0
190,190.0,16.4005,16.4068359375,16.402052304687498,-1.0,0.0,755.0,245.0,0.0,0.0
191,191.0,16.37032,16.41834375,16.3821338425,-1.0,0.0,754.0,246.0,0.0,0.0
192,192.0,16.25,16.46484375,16.3037109375,-1.0,0.0,750.0,250.0,0.0,0.0
193,193.0,15.833919999999999,16.6335,16.04500912,-1.0,0.0,736.0,264.0,0.0,0.0
194,194.0,16.25,16.46484375,16.3037109375,-1.0,0.0,750.0,250.0,0.0,0.0
195,195.0,16.28002,16.4531484375,16.3231289809375,-1.0,0.0,751.0,249.0,0.0,0.0
196,196.0,17.04352,16.176000000000002,16.849195520000002,-1.0,0.0,776.0,224.0,0.0,0.0
197,197.0,15.89288,16.60884375,16.080462502499998,-1.0,0.0,738.0,262.0,0.0,0.0
198,198.0,16.7045,16.2943359375,16.608111445312502,-1.0,0.0,765.0,235.0,0.0,0.0
199,199.0,16.91968,16.218375,16.75978246,-1.0,0.0,772.0,228.0,0.0,0.0
200,200.0,14.632719999999999,17.19459375,15.416653367499999,-1.0,0.0,694.0,306.0,0.0,0.0
201,201.0,15.86338,16.6211484375,16.0626730990625,-1.0,0.0,737.0,263.0,0.0,0.0
202,202.0,16.220019999999998,16.4765859375,16.2844180503125,-1.0,0.0,749.0,251.0,0.0,0.0
203,203.0,16.521620000000002,16.3612734375,16.4829764784375,-1.0,0.0,759.0,241.0,0.0,0.0
204,204.0,16.7045,16.2943359375,16.608111445312502,-1.0,0.0,765.0,235.0,0.0,0.0
205,205.0,16.04098,16.5480234375,16.1712901634375,-1.0,0.0,743.0,257.0,0.0,0.0
206,206.0,16.25,16.46484375,16.3037109375,-1.0,0.0,750.0,250.0,0.0,0.0
207,207.0,15.804499999999999,16.6458984375,16.0274705859375,-1.0,0.0,735.0,265.0,0.0,0.0
208,208.0,16.37032,16.41834375,16.3821338425,-1.0,0.0,754.0,246.0,0.0,0.0
209,209.0,16.88882,16.2290859375,16.7377408996875,-1.0,0.0,771.0,229.0,0.0,0.0
210,210.0,16.25,16.46484375,16.3037109375,-1.0,0.0,750.0,250.0,0.0,0.0
211,211.0,16.25,16.46484375,16.3037109375,-1.0,0.0,750.0,250.0,0.0,0.0
212,212.0,16.04098,16.5480234375,16.1712901634375,-1.0,0.0,743.0,257.0,0.0,0.0
213,213.0,15.74578,16.6708359375,15.9927699353125,-1.0,0.0,733.0,267.0,0.0,0.0
214,214.0,16.25,16.46484375,16.3037109375,-1.0,0.0,750.0,250.0,0.0,0.0
215,215.0,16.796480000000003,16.261499999999998,16.67236464,-1.0,0.0,768.0,232.0,0.0,0.0
216,216.0,16.01128,16.56009375,16.1528739475,-1.0,0.0,742.0,258.0,0.0,0.0
217,217.0,17.012500000000003,16.1865234375,16.8266552734375,-1.0,0.0,775.0,225.0,0.0,0.0
218,218.0,16.25,16.46484375,16.3037109375,-1.0,0.0,750.0,250.0,0.0,0.0
219,219.0,16.981520000000003,16.19709375,16.804239667500003,-1.0,0.0,774.0,226.0,0.0,0.0
220,220.0,11.20498,19.5995859375,14.923790430312499,-1.0,0.0,557.0,443.0,0.0,0.0
221,221.0,16.521620000000002,16.3612734375,16.4829764784375,-1.0,0.0,759.0,241.0,0.0,0.0
222,222.0,16.28002,16.4531484375,16.3231289809375,-1.0,0.0,751.0,249.0,0.0,0.0
223,223.0,16.31008,16.4415,16.34267216,-1.0,0.0,752.0,248.0,0.0,0.0
224,224.0,16.58242,16.3387734375,16.5241884715625,-1.0,0.0,761.0,239.0,0.0,0.0
225,225.0,15.42568,16.81134375,15.810894522499998,-1.0,0.0,722.0,278.0,0.0,0.0
226,226.0,16.13032,16.51209375,16.2272905325,-1.0,0.0,746.0,254.0,0.0,0.0
227,227.0,16.521620000000002,16.3612734375,16.4829764784375,-1.0,0.0,759.0,241.0,0.0,0.0
228,228.0,15.952,16.584375,16.1164175,-1.0,0.0,740.0,260.0,0.0,0.0
229,229.0,16.49128,16.37259375,16.4625579275,-1.0,0.0,758.0,242.0,0.0,0.0
230,230.0,16.01128,16.56009375,16.1528739475,-1.0,0.0,742.0,258.0,0.0,0.0
231,231.0,15.86338,16.6211484375,16.0626730990625,-1.0,0.0,737.0,263.0,0.0,0.0
232,232.0,16.49128,16.37259375,16.4625579275,-1.0,0.0,758.0,242.0,0.0,0.0
233,233.0,17.41888,16.053375,17.129392940000002,-1.0,0.0,788.0,212.0,0.0,0.0
234,234.0,16.7045,16.2943359375,16.608111445312502,-1.0,0.0,765.0,235.0,0.0,0.0
235,235.0,16.13032,16.51209375,16.2272905325,-1.0,0.0,746.0,254.0,0.0,0.0
236,236.0,16.25,16.46484375,16.3037109375,-1.0,0.0,750.0,250.0,0.0,0.0
237,237.0,16.37032,16.41834375,16.3821338425,-1.0,0.0,754.0,246.0,0.0,0.0
238,238.0,16.34018,16.4298984375,16.3623404540625,-1.0,0.0,753.0,247.0,0.0,0.0
239,239.0,16.58242,16.3387734375,16.5241884715625,-1.0,0.0,761.0,239.0,0.0,0.0
240,240.0,15.86338,16.6211484375,16.0626730990625,-1.0,0.0,737.0,263.0,0.0,0.0
241,241.0,15.62882,16.7212734375,15.9248748815625,-1.0,0.0,729.0,271.0,0.0,0.0
242,242.0,16.34018,16.4298984375,16.3623404540625,-1.0,0.0,753.0,247.0,0.0,0.0
243,243.0,16.220019999999998,16.4765859375,16.2844180503125,-1.0,0.0,749.0,251.0,0.0,0.0
244,244.0,15.922419999999999,16.5965859375,16.098377309687496,-1.0,0.0,739.0,261.0,0.0,0.0
245,245.0,16.01128,16.56009375,16.1528739475,-1.0,0.0,742.0,258.0,0.0,0.0
246,246.0,15.657999999999998,16.70859375,15.941660312499998,-1.0,0.0,730.0,270.0,0.0,0.0
247,247.0,15.716479999999999,16.683375,15.97560786,-1.0,0.0,732.0,268.0,0.0,0.0
248,248.0,15.981620000000001,16.5722109375,16.134583052812502,-1.0,0.0,741.0,259.0,0.0,0.0
249,249.0,15.86338,16.6211484375,16.0626730990625,-1.0,0.0,737.0,263.0,0.0,0.0
250,250.0,16.796480000000003,16.261499999999998,16.67236464,-1.0,0.0,768.0,232.0,0.0,0.0
251,251.0,16.58242,16.3387734375,16.5241884715625,-1.0,0.0,761.0,239.0,0.0,0.0
252,252.0,15.922419999999999,16.5965859375,16.098377309687496,-1.0,0.0,739.0,261.0,0.0,0.0
253,253.0,16.28002,16.4531484375,16.3231289809375,-1.0,0.0,751.0,249.0,0.0,0.0
254,254.0,16.28002,16.4531484375,16.3231289809375,-1.0,0.0,751.0,249.0,0.0,0.0
255,255.0,17.10568,16.15509375,16.8946498525,-1.0,0.0,778.0,222.0,0.0,0.0
256,256.0,16.04098,16.5480234375,16.1712901634375,-1.0,0.0,743.0,257.0,0.0,0.0
257,257.0,16.34018,16.4298984375,16.3623404540625,-1.0,0.0,753.0,247.0,0.0,0.0
258,258.0,16.7045,16.2943359375,16.608111445312502,-1.0,0.0,765.0,235.0,0.0,0.0
259,259.0,15.981620000000001,16.5722109375,16.134583052812502,-1.0,0.0,741.0,259.0,0.0,0.0
260,260.0,15.570579999999998,16.7467734375,15.891680808437497,-1.0,0.0,727.0,273.0,0.0,0.0
261,261.0,16.220019999999998,16.4765859375,16.2844180503125,-1.0,0.0,749.0,251.0,0.0,0.0
262,262.0,15.981620000000001,16.5722109375,16.134583052812502,-1.0,0.0,741.0,259.0,0.0,0.0
263,263.0,16.37032,16.41834375,16.3821338425,-1.0,0.0,754.0,246.0,0.0,0.0
264,264.0,16.37032,16.41834375,16.3821338425,-1.0,0.0,754.0,246.0,0.0,0.0
265,265.0,17.38738,16.0633359375,17.105358614687503,-1.0,0.0,787.0,213.0,0.0,0.0
266,266.0,15.42568,16.81134375,15.810894522499998,-1.0,0.0,722.0,278.0,0.0,0.0
267,267.0,16.49128,16.37259375,16.4625579275,-1.0,0.0,758.0,242.0,0.0,0.0
268,268.0,16.46098,16.3839609375,16.4422643678125,-1.0,0.0,757.0,243.0,0.0,0.0
269,269.0,16.1005,16.5240234375,16.2084984765625,-1.0,0.0,745.0,255.0,0.0,0.0
270,270.0,15.981620000000001,16.5722109375,16.134583052812502,-1.0,0.0,741.0,259.0,0.0,0.0
271,271.0,16.43072,16.395375,16.422095820000003,-1.0,0.0,756.0,244.0,0.0,0.0
272,272.0,16.64338,16.3164609375,16.5659001821875,-1.0,0.0,763.0,237.0,0.0,0.0
273,273.0,16.1005,16.5240234375,16.2084984765625,-1.0,0.0,745.0,255.0,0.0,0.0
274,274.0,16.46098,16.3839609375,16.4422643678125,-1.0,0.0,757.0,243.0,0.0,0.0
275,275.0,15.775120000000001,16.65834375,16.0100575175,-1.0,0.0,734.0,266.0,0.0,0.0
276,276.0,16.01128,16.56009375,16.1528739475,-1.0,0.0,742.0,258.0,0.0,0.0
277,277.0,16.521620000000002,16.3612734375,16.4829764784375,-1.0,0.0,759.0,241.0,0.0,0.0
278,278.0,17.13682,16.1447109375,16.917563897187502,-1.0,0.0,779.0,221.0,0.0,0.0
279,279.0,14.799999999999999,17.109375,15.4928125,-1.0,0.0,700.0,300.0,0.0,0.0
280,280.0,16.95058,16.2077109375,16.7819487228125,-1.0,0.0,773.0,227.0,0.0,0.0
281,281.0,16.220019999999998,16.4765859375,16.2844180503125,-1.0,0.0,749.0,251.0,0.0,0.0
282,282.0,16.28002,16.4531484375,16.3231289809375,-1.0,0.0,751.0,249.0,0.0,0.0
283,283.0,16.735120000000002,16.28334375,16.6294043575,-1.0,0.0,766.0,234.0,0.0,0.0
284,284.0,15.59968,16.734,15.90821504,-1.0,0.0,728.0,272.0,0.0,0.0
285,285.0,16.07072,16.536,16.18983168,-1.0,0.0,744.0,256.0,0.0,0.0
286,286.0,16.552,16.35,16.50352,-1.0,0.0,760.0,240.0,0.0,0.0
287,287.0,16.61288,16.32759375,16.5449818725,-1.0,0.0,762.0,238.0,0.0,0.0
288,288.0,16.31008,16.4415,16.34267216,-1.0,0.0,752.0,248.0,0.0,0.0
289,289.0,15.42568,16.81134375,15.810894522499998,-1.0,0.0,722.0,278.0,0.0,0.0
290,290.0,15.804499999999999,16.6458984375,16.0274705859375,-1.0,0.0,735.0,265.0,0.0,0.0
291,291.0,16.7045,16.2943359375,16.608111445312502,-1.0,0.0,765.0,235.0,0.0,0.0
292,292.0,15.025279999999999,16.998375,15.601423739999998,-1.0,0.0,708.0,292.0,0.0,0.0
293,293.0,16.1005,16.5240234375,16.2084984765625,-1.0,0.0,745.0,255.0,0.0,0.0
294,294.0,16.16018,16.5002109375,16.2462078271875,-1.0,0.0,747.0,253.0,0.0,0.0
295,295.0,16.43072,16.395375,16.422095820000003,-1.0,0.0,756.0,244.0,0.0,0.0
296,296.0,16.01128,16.56009375,16.1528739475,-1.0,0.0,742.0,258.0,0.0,0.0
297,297.0,16.34018,16.4298984375,16.3623404540625,-1.0,0.0,753.0,247.0,0.0,0.0
298,298.0,16.16018,16.5002109375,16.2462078271875,-1.0,0.0,747.0,253.0,0.0,0.0
299,299.0,16.981520000000003,16.19709375,16.804239667500003,-1.0,0.0,774.0,226.0,0.0,0.0
300,300.0,16.31008,16.4415,16.34267216,-1.0,0.0,752.0,248.0,0.0,0.0
301,301.0,15.74578,16.6708359375,15.9927699353125,-1.0,0.0,733.0,267.0,0.0,0.0
302,302.0,15.082,16.97109375,15.629837187500002,-1.0,0.0,710.0,290.0,0.0,0.0
303,303.0,16.796480000000003,16.261499999999998,16.67236464,-1.0,0.0,768.0,232.0,0.0,0.0
304,304.0,16.4005,16.4068359375,16.402052304687498,-1.0,0.0,755.0,245.0,0.0,0.0
305,305.0,17.35592,16.07334375,17.081448682500003,-1.0,0.0,786.0,214.0,0.0,0.0
306,306.0,15.804499999999999,16.6458984375,16.0274705859375,-1.0,0.0,735.0,265.0,0.0,0.0
307,307.0,16.76578,16.2723984375,16.6508220959375,-1.0,0.0,767.0,233.0,0.0,0.0
308,308.0,15.195919999999997,16.91709375,15.688175692499998,-1.0,0.0,714.0,286.0,0.0,0.0
309,309.0,16.58242,16.3387734375,16.5241884715625,-1.0,0.0,761.0,239.0,0.0,0.0
310,310.0,15.59968,16.734,15.90821504,-1.0,0.0,728.0,272.0,0.0,0.0
311,311.0,15.922419999999999,16.5965859375,16.098377309687496,-1.0,0.0,739.0,261.0,0.0,0.0
312,312.0,16.34018,16.4298984375,16.3623404540625,-1.0,0.0,753.0,247.0,0.0,0.0
313,313.0,16.4005,16.4068359375,16.402052304687498,-1.0,0.0,755.0,245.0,0.0,0.0
314,314.0,16.25,16.46484375,16.3037109375,-1.0,0.0,750.0,250.0,0.0,0.0
315,315.0,16.46098,16.3839609375,16.4422643678125,-1.0,0.0,757.0,243.0,0.0,0.0
316,316.0,16.1005,16.5240234375,16.2084984765625,-1.0,0.0,745.0,255.0,0.0,0.0
317,317.0,15.952,16.584375,16.1164175,-1.0,0.0,740.0,260.0,0.0,0.0
318,318.0,15.68722,16.6959609375,15.9585713121875,-1.0,0.0,731.0,269.0,0.0,0.0
319,319.0,16.88882,16.2290859375,16.7377408996875,-1.0,0.0,771.0,229.0,0.0,0.0
320,320.0,16.16018,16.5002109375,16.2462078271875,-1.0,0.0,747.0,253.0,0.0,0.0
321,321.0,16.25,16.46484375,16.3037109375,-1.0,0.0,750.0,250.0,0.0,0.0
322,322.0,16.1005,16.5240234375,16.2084984765625,-1.0,0.0,745.0,255.0,0.0,0.0
323,323.0,16.521620000000002,16.3612734375,16.4829764784375,-1.0,0.0,759.0,241.0,0.0,0.0
324,324.0,16.01128,16.56009375,16.1528739475,-1.0,0.0,742.0,258.0,0.0,0.0
325,325.0,16.16018,16.5002109375,16.2462078271875,-1.0,0.0,747.0,253.0,0.0,0.0
326,326.0,16.220019999999998,16.4765859375,16.2844180503125,-1.0,0.0,749.0,251.0,0.0,0.0
327,327.0,16.858,16.23984375,16.7158240625,-1.0,0.0,770.0,230.0,0.0,0.0
328,328.0,16.37032,16.41834375,16.3821338425,-1.0,0.0,754.0,246.0,0.0,0.0
329,329.0,16.58242,16.3387734375,16.5241884715625,-1.0,0.0,761.0,239.0,0.0,0.0
330,330.0,16.190080000000002,16.488375,16.26525034,-1.0,0.0,748.0,252.0,0.0,0.0
331,331.0,16.13032,16.51209375,16.2272905325,-1.0,0.0,746.0,254.0,0.0,0.0
332,332.0,15.570579999999998,16.7467734375,15.891680808437497,-1.0,0.0,727.0,273.0,0.0,0.0
333,333.0,15.657999999999998,16.70859375,15.941660312499998,-1.0,0.0,730.0,270.0,0.0,0.0
334,334.0,16.04098,16.5480234375,16.1712901634375,-1.0,0.0,743.0,257.0,0.0,0.0
335,335.0,16.58242,16.3387734375,16.5241884715625,-1.0,0.0,761.0,239.0,0.0,0.0
336,336.0,15.804499999999999,16.6458984375,16.0274705859375,-1.0,0.0,735.0,265.0,0.0,0.0
337,337.0,16.552,16.35,16.50352,-1.0,0.0,760.0,240.0,0.0,0.0
338,338.0,15.86338,16.6211484375,16.0626730990625,-1.0,0.0,737.0,263.0,0.0,0.0
339,339.0,16.58242,16.3387734375,16.5241884715625,-1.0,0.0,761.0,239.0,0.0,0.0
340,340.0,16.521620000000002,16.3612734375,16.4829764784375,-1.0,0.0,759.0,241.0,0.0,0.0
341,341.0,15.74578,16.6708359375,15.9927699353125,-1.0,0.0,733.0,267.0,0.0,0.0
342,342.0,16.43072,16.395375,16.422095820000003,-1.0,0.0,756.0,244.0,0.0,0.0
343,343.0,16.858,16.23984375,16.7158240625,-1.0,0.0,770.0,230.0,0.0,0.0
344,344.0,16.220019999999998,16.4765859375,16.2844180503125,-1.0,0.0,749.0,251.0,0.0,0.0
345,345.0,16.61288,16.32759375,16.5449818725,-1.0,0.0,762.0,238.0,0.0,0.0
346,346.0,16.64338,16.3164609375,16.5659001821875,-1.0,0.0,763.0,237.0,0.0,0.0
347,347.0,15.86338,16.6211484375,16.0626730990625,-1.0,0.0,737.0,263.0,0.0,0.0
348,348.0,16.190080000000002,16.488375,16.26525034,-1.0,0.0,748.0,252.0,0.0,0.0
349,349.0,15.922419999999999,16.5965859375,16.098377309687496,-1.0,0.0,739.0,261.0,0.0,0.0
350,350.0,16.49128,16.37259375,16.4625579275,-1.0,0.0,758.0,242.0,0.0,0.0
351,351.0,16.25,16.46484375,16.3037109375,-1.0,0.0,750.0,250.0,0.0,0.0
352,352.0,16.521620000000002,16.3612734375,16.4829764784375,-1.0,0.0,759.0,241.0,0.0,0.0
353,353.0,16.552,16.35,16.50352,-1.0,0.0,760.0,240.0,0.0,0.0
354,354.0,15.775120000000001,16.65834375,16.0100575175,-1.0,0.0,734.0,266.0,0.0,0.0
355,355.0,16.13032,16.51209375,16.2272905325,-1.0,0.0,746.0,254.0,0.0,0.0
356,356.0,16.04098,16.5480234375,16.1712901634375,-1.0,0.0,743.0,257.0,0.0,0.0
357,357.0,16.552,16.35,16.50352,-1.0,0.0,760.0,240.0,0.0,0.0
358,358.0,16.37032,16.41834375,16.3821338425,-1.0,0.0,754.0,246.0,0.0,0.0
359,359.0,16.4005,16.4068359375,16.402052304687498,-1.0,0.0,755.0,245.0,0.0,0.0
360,360.0,15.804499999999999,16.6458984375,16.0274705859375,-1.0,0.0,735.0,265.0,0.0,0.0
361,361.0,16.91968,16.218375,16.75978246,-1.0,0.0,772.0,228.0,0.0,0.0
362,362.0,16.858,16.23984375,16.7158240625,-1.0,0.0,770.0,230.0,0.0,0.0
363,363.0,13.34632,17.93709375,14.971453907499999,-1.0,0.0,646.0,354.0,0.0,0.0
364,364.0,16.521620000000002,16.3612734375,16.4829764784375,-1.0,0.0,759.0,241.0,0.0,0.0
365,365.0,16.1005,16.5240234375,16.2084984765625,-1.0,0.0,745.0,255.0,0.0,0.0
366,366.0,16.16018,16.5002109375,16.2462078271875,-1.0,0.0,747.0,253.0,0.0,0.0
367,367.0,16.796480000000003,16.261499999999998,16.67236464,-1.0,0.0,768.0,232.0,0.0,0.0
368,368.0,16.190080000000002,16.488375,16.26525034,-1.0,0.0,748.0,252.0,0.0,0.0
369,369.0,15.281779999999998,16.8770859375,15.7332515803125,-1.0,0.0,717.0,283.0,0.0,0.0
370,370.0,17.3245,16.0833984375,17.0576631640625,-1.0,0.0,785.0,215.0,0.0,0.0
371,371.0,16.4005,16.4068359375,16.402052304687498,-1.0,0.0,755.0,245.0,0.0,0.0
372,372.0,16.82722,16.2506484375,16.6940319690625,-1.0,0.0,769.0,231.0,0.0,0.0
373,373.0,16.46098,16.3839609375,16.4422643678125,-1.0,0.0,757.0,243.0,0.0,0.0
374,374.0,15.483519999999999,16.785375,15.842831979999998,-1.0,0.0,724.0,276.0,0.0,0.0
375,375.0,16.58242,16.3387734375,16.5241884715625,-1.0,0.0,761.0,239.0,0.0,0.0
376,376.0,17.13682,16.1447109375,16.917563897187502,-1.0,0.0,779.0,221.0,0.0,0.0
377,377.0,12.938,18.20859375,14.888119687499998,-1.0,0.0,630.0,370.0,0.0,0.0
378,378.0,16.28002,16.4531484375,16.3231289809375,-1.0,0.0,751.0,249.0,0.0,0.0
379,379.0,16.49128,16.37259375,16.4625579275,-1.0,0.0,758.0,242.0,0.0,0.0
380,380.0,16.04098,16.5480234375,16.1712901634375,-1.0,0.0,743.0,257.0,0.0,0.0
381,381.0,16.67392,16.305375,16.58694338,-1.0,0.0,764.0,236.0,0.0,0.0
382,382.0,16.4005,16.4068359375,16.402052304687498,-1.0,0.0,755.0,245.0,0.0,0.0
383,383.0,15.483519999999999,16.785375,15.842831979999998,-1.0,0.0,724.0,276.0,0.0,0.0
384,384.0,16.25,16.46484375,16.3037109375,-1.0,0.0,750.0,250.0,0.0,0.0
385,385.0,16.01128,16.56009375,16.1528739475,-1.0,0.0,742.0,258.0,0.0,0.0
386,386.0,15.833919999999999,16.6335,16.04500912,-1.0,0.0,736.0,264.0,0.0,0.0
387,387.0,16.61288,16.32759375,16.5449818725,-1.0,0.0,762.0,238.0,0.0,0.0
388,388.0,16.16018,16.5002109375,16.2462078271875,-1.0,0.0,747.0,253.0,0.0,0.0
389,389.0,16.7045,16.2943359375,16.608111445312502,-1.0,0.0,765.0,235.0,0.0,0.0
390,390.0,15.42568,16.81134375,15.810894522499998,-1.0,0.0,722.0,278.0,0.0,0.0
391,391.0,16.88882,16.2290859375,16.7377408996875,-1.0,0.0,771.0,229.0,0.0,0.0
392,392.0,16.61288,16.32759375,16.5449818725,-1.0,0.0,762.0,238.0,0.0,0.0
393,393.0,15.716479999999999,16.683375,15.97560786,-1.0,0.0,732.0,268.0,0.0,0.0
394,394.0,15.86338,16.6211484375,16.0626730990625,-1.0,0.0,737.0,263.0,0.0,0.0
395,395.0,16.58242,16.3387734375,16.5241884715625,-1.0,0.0,761.0,239.0,0.0,0.0
396,396.0,16.16018,16.5002109375,16.2462078271875,-1.0,0.0,747.0,253.0,0.0,0.0
397,397.0,16.07072,16.536,16.18983168,-1.0,0.0,744.0,256.0,0.0,0.0
398,398.0,16.220019999999998,16.4765859375,16.2844180503125,-1.0,0.0,749.0,251.0,0.0,0.0
399,399.0,16.13032,16.51209375,16.2272905325,-1.0,0.0,746.0,254.0,0.0,0.0
400,400.0,16.796480000000003,16.261499999999998,16.67236464,-1.0,0.0,768.0,232.0,0.0,0.0
401,401.0,16.981520000000003,16.19709375,16.804239667500003,-1.0,0.0,774.0,226.0,0.0,0.0
402,402.0,15.981620000000001,16.5722109375,16.134583052812502,-1.0,0.0,741.0,259.0,0.0,0.0
403,403.0,16.46098,16.3839609375,16.4422643678125,-1.0,0.0,757.0,243.0,0.0,0.0
404,404.0,16.76578,16.2723984375,16.6508220959375,-1.0,0.0,767.0,233.0,0.0,0.0
405,405.0,15.281779999999998,16.8770859375,15.7332515803125,-1.0,0.0,717.0,283.0,0.0,0.0
406,406.0,16.58242,16.3387734375,16.5241884715625,-1.0,0.0,761.0,239.0,0.0,0.0
407,407.0,16.43072,16.395375,16.422095820000003,-1.0,0.0,756.0,244.0,0.0,0.0
408,408.0,15.86338,16.6211484375,16.0626730990625,-1.0,0.0,737.0,263.0,0.0,0.0
409,409.0,16.34018,16.4298984375,16.3623404540625,-1.0,0.0,753.0,247.0,0.0,0.0
410,410.0,15.11042,16.9575234375,15.6442328934375,-1.0,0.0,711.0,289.0,0.0,0.0
411,411.0,16.37032,16.41834375,16.3821338425,-1.0,0.0,754.0,246.0,0.0,0.0
412,412.0,16.58242,16.3387734375,16.5241884715625,-1.0,0.0,761.0,239.0,0.0,0.0
413,413.0,16.58242,16.3387734375,16.5241884715625,-1.0,0.0,761.0,239.0,0.0,0.0
414,414.0,16.7045,16.2943359375,16.608111445312502,-1.0,0.0,765.0,235.0,0.0,0.0
415,415.0,16.31008,16.4415,16.34267216,-1.0,0.0,752.0,248.0,0.0,0.0
416,416.0,16.4005,16.4068359375,16.402052304687498,-1.0,0.0,755.0,245.0,0.0,0.0
417,417.0,16.521620000000002,16.3612734375,16.4829764784375,-1.0,0.0,759.0,241.0,0.0,0.0
418,418.0,16.34018,16.4298984375,16.3623404540625,-1.0,0.0,753.0,247.0,0.0,0.0
419,419.0,16.552,16.35,16.50352,-1.0,0.0,760.0,240.0,0.0,0.0
420,420.0,16.1005,16.5240234375,16.2084984765625,-1.0,0.0,745.0,255.0,0.0,0.0
421,421.0,15.804499999999999,16.6458984375,16.0274705859375,-1.0,0.0,735.0,265.0,0.0,0.0
422,422.0,16.1005,16.5240234375,16.2084984765625,-1.0,0.0,745.0,255.0,0.0,0.0
423,423.0,16.37032,16.41834375,16.3821338425,-1.0,0.0,754.0,246.0,0.0,0.0
424,424.0,15.54152,16.75959375,15.8752722075,-1.0,0.0,726.0,274.0,0.0,0.0
425,425.0,16.28002,16.4531484375,16.3231289809375,-1.0,0.0,751.0,249.0,0.0,0.0
426,426.0,16.521620000000002,16.3612734375,16.4829764784375,-1.0,0.0,759.0,241.0,0.0,0.0
427,427.0,16.13032,16.51209375,16.2272905325,-1.0,0.0,746.0,254.0,0.0,0.0
428,428.0,16.28002,16.4531484375,16.3231289809375,-1.0,0.0,751.0,249.0,0.0,0.0
429,429.0,16.13032,16.51209375,16.2272905325,-1.0,0.0,746.0,254.0,0.0,0.0
430,430.0,16.34018,16.4298984375,16.3623404540625,-1.0,0.0,753.0,247.0,0.0,0.0
431,431.0,16.76578,16.2723984375,16.6508220959375,-1.0,0.0,767.0,233.0,0.0,0.0
432,432.0,16.88882,16.2290859375,16.7377408996875,-1.0,0.0,771.0,229.0,0.0,0.0
433,433.0,15.68722,16.6959609375,15.9585713121875,-1.0,0.0,731.0,269.0,0.0,0.0
434,434.0,15.68722,16.6959609375,15.9585713121875,-1.0,0.0,731.0,269.0,0.0,0.0
435,435.0,16.04098,16.5480234375,16.1712901634375,-1.0,0.0,743.0,257.0,0.0,0.0
436,436.0,15.5125,16.7724609375,15.8589892578125,-1.0,0.0,725.0,275.0,0.0,0.0
437,437.0,16.735120000000002,16.28334375,16.6294043575,-1.0,0.0,766.0,234.0,0.0,0.0
438,438.0,16.91968,16.218375,16.75978246,-1.0,0.0,772.0,228.0,0.0,0.0
439,439.0,16.61288,16.32759375,16.5449818725,-1.0,0.0,762.0,238.0,0.0,0.0
440,440.0,16.735120000000002,16.28334375,16.6294043575,-1.0,0.0,766.0,234.0,0.0,0.0
441,441.0,16.521620000000002,16.3612734375,16.4829764784375,-1.0,0.0,759.0,241.0,0.0,0.0
442,442.0,14.439380000000002,17.2961484375,15.333548520937502,-1.0,0.0,687.0,313.0,0.0,0.0
443,443.0,15.922419999999999,16.5965859375,16.098377309687496,-1.0,0.0,739.0,261.0,0.0,0.0
444,444.0,16.13032,16.51209375,16.2272905325,-1.0,0.0,746.0,254.0,0.0,0.0
445,445.0,15.86338,16.6211484375,16.0626730990625,-1.0,0.0,737.0,263.0,0.0,0.0
446,446.0,16.31008,16.4415,16.34267216,-1.0,0.0,752.0,248.0,0.0,0.0
447,447.0,16.521620000000002,16.3612734375,16.4829764784375,-1.0,0.0,759.0,241.0,0.0,0.0
448,448.0,15.804499999999999,16.6458984375,16.0274705859375,-1.0,0.0,735.0,265.0,0.0,0.0
449,449.0,16.67392,16.305375,16.58694338,-1.0,0.0,764.0,236.0,0.0,0.0
450,450.0,16.58242,16.3387734375,16.5241884715625,-1.0,0.0,761.0,239.0,0.0,0.0
451,451.0,16.34018,16.4298984375,16.3623404540625,-1.0,0.0,753.0,247.0,0.0,0.0
452,452.0,17.07458,16.1655234375,16.8718603865625,-1.0,0.0,777.0,223.0,0.0,0.0
453,453.0,15.59968,16.734,15.90821504,-1.0,0.0,728.0,272.0,0.0,0.0
454,454.0,15.922419999999999,16.5965859375,16.098377309687496,-1.0,0.0,739.0,261.0,0.0,0.0
455,455.0,16.25,16.46484375,16.3037109375,-1.0,0.0,750.0,250.0,0.0,0.0
456,456.0,16.1005,16.5240234375,16.2084984765625,-1.0,0.0,745.0,255.0,0.0,0.0
457,457.0,16.552,16.35,16.50352,-1.0,0.0,760.0,240.0,0.0,0.0
458,458.0,16.858,16.23984375,16.7158240625,-1.0,0.0,770.0,230.0,0.0,0.0
459,459.0,15.922419999999999,16.5965859375,16.098377309687496,-1.0,0.0,739.0,261.0,0.0,0.0
460,460.0,15.89288,16.60884375,16.080462502499998,-1.0,0.0,738.0,262.0,0.0,0.0
461,461.0,15.54152,16.75959375,15.8752722075,-1.0,0.0,726.0,274.0,0.0,0.0
462,462.0,16.521620000000002,16.3612734375,16.4829764784375,-1.0,0.0,759.0,241.0,0.0,0.0
463,463.0,16.61288,16.32759375,16.5449818725,-1.0,0.0,762.0,238.0,0.0,0.0
464,464.0,15.281779999999998,16.8770859375,15.7332515803125,-1.0,0.0,717.0,283.0,0.0,0.0
465,465.0,16.28002,16.4531484375,16.3231289809375,-1.0,0.0,751.0,249.0,0.0,0.0
466,466.0,17.13682,16.1447109375,16.917563897187502,-1.0,0.0,779.0,221.0,0.0,0.0
467,467.0,16.31008,16.4415,16.34267216,-1.0,0.0,752.0,248.0,0.0,0.0
468,468.0,16.220019999999998,16.4765859375,16.2844180503125,-1.0,0.0,749.0,251.0,0.0,0.0
469,469.0,16.91968,16.218375,16.75978246,-1.0,0.0,772.0,228.0,0.0,0.0
470,470.0,16.49128,16.37259375,16.4625579275,-1.0,0.0,758.0,242.0,0.0,0.0
471,471.0,15.716479999999999,16.683375,15.97560786,-1.0,0.0,732.0,268.0,0.0,0.0
472,472.0,15.981620000000001,16.5722109375,16.134583052812502,-1.0,0.0,741.0,259.0,0.0,0.0
473,473.0,16.64338,16.3164609375,16.5659001821875,-1.0,0.0,763.0,237.0,0.0,0.0
474,474.0,16.49128,16.37259375,16.4625579275,-1.0,0.0,758.0,242.0,0.0,0.0
475,475.0,16.1005,16.5240234375,16.2084984765625,-1.0,0.0,745.0,255.0,0.0,0.0
476,476.0,15.952,16.584375,16.1164175,-1.0,0.0,740.0,260.0,0.0,0.0
477,477.0,16.1005,16.5240234375,16.2084984765625,-1.0,0.0,745.0,255.0,0.0,0.0
478,478.0,15.89288,16.60884375,16.080462502499998,-1.0,0.0,738.0,262.0,0.0,0.0
479,479.0,15.89288,16.60884375,16.080462502499998,-1.0,0.0,738.0,262.0,0.0,0.0
480,480.0,16.220019999999998,16.4765859375,16.2844180503125,-1.0,0.0,749.0,251.0,0.0,0.0
481,481.0,16.552,16.35,16.50352,-1.0,0.0,760.0,240.0,0.0,0.0
482,482.0,16.4005,16.4068359375,16.402052304687498,-1.0,0.0,755.0,245.0,0.0,0.0
483,483.0,16.31008,16.4415,16.34267216,-1.0,0.0,752.0,248.0,0.0,0.0
484,484.0,16.4005,16.4068359375,16.402052304687498,-1.0,0.0,755.0,245.0,0.0,0.0
485,485.0,16.82722,16.2506484375,16.6940319690625,-1.0,0.0,769.0,231.0,0.0,0.0
486,486.0,15.922419999999999,16.5965859375,16.098377309687496,-1.0,0.0,739.0,261.0,0.0,0.0
487,487.0,15.86338,16.6211484375,16.0626730990625,-1.0,0.0,737.0,263.0,0.0,0.0
488,488.0,16.521620000000002,16.3612734375,16.4829764784375,-1.0,0.0,759.0,241.0,0.0,0.0
489,489.0,15.74578,16.6708359375,15.9927699353125,-1.0,0.0,733.0,267.0,0.0,0.0
490,490.0,16.796480000000003,16.261499999999998,16.67236464,-1.0,0.0,768.0,232.0,0.0,0.0
491,491.0,15.981620000000001,16.5722109375,16.134583052812502,-1.0,0.0,741.0,259.0,0.0,0.0
492,492.0,16.58242,16.3387734375,16.5241884715625,-1.0,0.0,761.0,239.0,0.0,0.0
493,493.0,15.59968,16.734,15.90821504,-1.0,0.0,728.0,272.0,0.0,0.0
494,494.0,16.88882,16.2290859375,16.7377408996875,-1.0,0.0,771.0,229.0,0.0,0.0
495,495.0,15.804499999999999,16.6458984375,16.0274705859375,-1.0,0.0,735.0,265.0,0.0,0.0
496,496.0,15.716479999999999,16.683375,15.97560786,-1.0,0.0,732.0,268.0,0.0,0.0
497,497.0,15.775120000000001,16.65834375,16.0100575175,-1.0,0.0,734.0,266.0,0.0,0.0
498,498.0,16.34018,16.4298984375,16.3623404540625,-1.0,0.0,753.0,247.0,0.0,0.0
499,499.0,16.16018,16.5002109375,16.2462078271875,-1.0,0.0,747.0,253.0,0.0,0.0
500,500.0,16.735120000000002,16.28334375,16.6294043575,-1.0,0.0,766.0,234.0,0.0,0.0
501,501.0,16.13032,16.51209375,16.2272905325,-1.0,0.0,746.0,254.0,0.0,0.0
502,502.0,16.07072,16.536,16.18983168,-1.0,0.0,744.0,256.0,0.0,0.0
503,503.0,15.89288,16.60884375,16.080462502499998,-1.0,0.0,738.0,262.0,0.0,0.0
504,504.0,16.25,16.46484375,16.3037109375,-1.0,0.0,750.0,250.0,0.0,0.0
505,505.0,15.833919999999999,16.6335,16.04500912,-1.0,0.0,736.0,264.0,0.0,0.0
506,506.0,16.88882,16.2290859375,16.7377408996875,-1.0,0.0,771.0,229.0,0.0,0.0
507,507.0,16.91968,16.218375,16.75978246,-1.0,0.0,772.0,228.0,0.0,0.0
508,508.0,16.64338,16.3164609375,16.5659001821875,-1.0,0.0,763.0,237.0,0.0,0.0
509,509.0,16.49128,16.37259375,16.4625579275,-1.0,0.0,758.0,242.0,0.0,0.0
510,510.0,16.1005,16.5240234375,16.2084984765625,-1.0,0.0,745.0,255.0,0.0,0.0
511,511.0,16.521620000000002,16.3612734375,16.4829764784375,-1.0,0.0,759.0,241.0,0.0,0.0
512,512.0,16.37032,16.41834375,16.3821338425,-1.0,0.0,754.0,246.0,0.0,0.0
513,513.0,14.940499999999998,17.0396484375,15.559748789062498,-1.0,0.0,705.0,295.0,0.0,0.0
514,514.0,16.25,16.46484375,16.3037109375,-1.0,0.0,750.0,250.0,0.0,0.0
515,515.0,16.552,16.35,16.50352,-1.0,0.0,760.0,240.0,0.0,0.0
516,516.0,16.28002,16.4531484375,16.3231289809375,-1.0,0.0,751.0,249.0,0.0,0.0
517,517.0,15.716479999999999,16.683375,15.97560786,-1.0,0.0,732.0,268.0,0.0,0.0
518,518.0,16.07072,16.536,16.18983168,-1.0,0.0,744.0,256.0,0.0,0.0
519,519.0,16.37032,16.41834375,16.3821338425,-1.0,0.0,754.0,246.0,0.0,0.0
520,520.0,16.88882,16.2290859375,16.7377408996875,-1.0,0.0,771.0,229.0,0.0,0.0
521,521.0,16.34018,16.4298984375,16.3623404540625,-1.0,0.0,753.0,247.0,0.0,0.0
522,522.0,16.858,16.23984375,16.7158240625,-1.0,0.0,770.0,230.0,0.0,0.0
523,523.0,16.796480000000003,16.261499999999998,16.67236464,-1.0,0.0,768.0,232.0,0.0,0.0
524,524.0,10.832,19.959375,15.030592500000001,-1.0,0.0,540.0,460.0,0.0,0.0
525,525.0,16.04098,16.5480234375,16.1712901634375,-1.0,0.0,743.0,257.0,0.0,0.0
526,526.0,15.59968,16.734,15.90821504,-1.0,0.0,728.0,272.0,0.0,0.0
527,527.0,16.01128,16.56009375,16.1528739475,-1.0,0.0,742.0,258.0,0.0,0.0
528,528.0,16.796480000000003,16.261499999999998,16.67236464,-1.0,0.0,768.0,232.0,0.0,0.0
529,529.0,16.01128,16.56009375,16.1528739475,-1.0,0.0,742.0,258.0,0.0,0.0
530,530.0,16.521620000000002,16.3612734375,16.4829764784375,-1.0,0.0,759.0,241.0,0.0,0.0
531,531.0,16.16018,16.5002109375,16.2462078271875,-1.0,0.0,747.0,253.0,0.0,0.0
532,532.0,16.01128,16.56009375,16.1528739475,-1.0,0.0,742.0,258.0,0.0,0.0
533,533.0,16.49128,16.37259375,16.4625579275,-1.0,0.0,758.0,242.0,0.0,0.0
534,534.0,16.37032,16.41834375,16.3821338425,-1.0,0.0,754.0,246.0,0.0,0.0
535,535.0,16.67392,16.305375,16.58694338,-1.0,0.0,764.0,236.0,0.0,0.0
536,536.0,16.1005,16.5240234375,16.2084984765625,-1.0,0.0,745.0,255.0,0.0,0.0
537,537.0,15.89288,16.60884375,16.080462502499998,-1.0,0.0,738.0,262.0,0.0,0.0
538,538.0,16.552,16.35,16.50352,-1.0,0.0,760.0,240.0,0.0,0.0
539,539.0,16.25,16.46484375,16.3037109375,-1.0,0.0,750.0,250.0,0.0,0.0
540,540.0,16.37032,16.41834375,16.3821338425,-1.0,0.0,754.0,246.0,0.0,0.0
541,541.0,15.981620000000001,16.5722109375,16.134583052812502,-1.0,0.0,741.0,259.0,0.0,0.0
542,542.0,15.5125,16.7724609375,15.8589892578125,-1.0,0.0,725.0,275.0,0.0,0.0
543,543.0,16.25,16.46484375,16.3037109375,-1.0,0.0,750.0,250.0,0.0,0.0
544,544.0,15.952,16.584375,16.1164175,-1.0,0.0,740.0,260.0,0.0,0.0
545,545.0,16.49128,16.37259375,16.4625579275,-1.0,0.0,758.0,242.0,0.0,0.0
546,546.0,15.952,16.584375,16.1164175,-1.0,0.0,740.0,260.0,0.0,0.0
547,547.0,15.86338,16.6211484375,16.0626730990625,-1.0,0.0,737.0,263.0,0.0,0.0
548,548.0,16.4005,16.4068359375,16.402052304687498,-1.0,0.0,755.0,245.0,0.0,0.0
549,549.0,16.13032,16.51209375,16.2272905325,-1.0,0.0,746.0,254.0,0.0,0.0
550,550.0,16.58242,16.3387734375,16.5241884715625,-1.0,0.0,761.0,239.0,0.0,0.0
551,551.0,15.86338,16.6211484375,16.0626730990625,-1.0,0.0,737.0,263.0,0.0,0.0
552,552.0,16.16018,16.5002109375,16.2462078271875,-1.0,0.0,747.0,253.0,0.0,0.0
553,553.0,15.74578,16.6708359375,15.9927699353125,-1.0,0.0,733.0,267.0,0.0,0.0
554,554.0,16.46098,16.3839609375,16.4422643678125,-1.0,0.0,757.0,243.0,0.0,0.0
555,555.0,15.89288,16.60884375,16.080462502499998,-1.0,0.0,738.0,262.0,0.0,0.0
556,556.0,16.67392,16.305375,16.58694338,-1.0,0.0,764.0,236.0,0.0,0.0
557,557.0,16.61288,16.32759375,16.5449818725,-1.0,0.0,762.0,238.0,0.0,0.0
558,558.0,16.25,16.46484375,16.3037109375,-1.0,0.0,750.0,250.0,0.0,0.0
559,559.0,15.981620000000001,16.5722109375,16.134583052812502,-1.0,0.0,741.0,259.0,0.0,0.0
560,560.0,16.31008,16.4415,16.34267216,-1.0,0.0,752.0,248.0,0.0,0.0
561,561.0,16.13032,16.51209375,16.2272905325,-1.0,0.0,746.0,254.0,0.0,0.0
562,562.0,15.89288,16.60884375,16.080462502499998,-1.0,0.0,738.0,262.0,0.0,0.0
563,563.0,15.39682,16.8243984375,15.7951143840625,-1.0,0.0,721.0,279.0,0.0,0.0
564,564.0,17.38738,16.0633359375,17.105358614687503,-1.0,0.0,787.0,213.0,0.0,0.0
565,565.0,16.1005,16.5240234375,16.2084984765625,-1.0,0.0,745.0,255.0,0.0,0.0
566,566.0,16.16018,16.5002109375,16.2462078271875,-1.0,0.0,747.0,253.0,0.0,0.0
567,567.0,15.981620000000001,16.5722109375,16.134583052812502,-1.0,0.0,741.0,259.0,0.0,0.0
568,568.0,16.64338,16.3164609375,16.5659001821875,-1.0,0.0,763.0,237.0,0.0,0.0
569,569.0,15.68722,16.6959609375,15.9585713121875,-1.0,0.0,731.0,269.0,0.0,0.0
570,570.0,15.922419999999999,16.5965859375,16.098377309687496,-1.0,0.0,739.0,261.0,0.0,0.0
571,571.0,16.796480000000003,16.261499999999998,16.67236464,-1.0,0.0,768.0,232.0,0.0,0.0
572,572.0,16.31008,16.4415,16.34267216,-1.0,0.0,752.0,248.0,0.0,0.0
573,573.0,16.88882,16.2290859375,16.7377408996875,-1.0,0.0,771.0,229.0,0.0,0.0
574,574.0,16.43072,16.395375,16.422095820000003,-1.0,0.0,756.0,244.0,0.0,0.0
575,575.0,16.552,16.35,16.50352,-1.0,0.0,760.0,240.0,0.0,0.0
576,576.0,15.981620000000001,16.5722109375,16.134583052812502,-1.0,0.0,741.0,259.0,0.0,0.0
577,577.0,16.4005,16.4068359375,16.402052304687498,-1.0,0.0,755.0,245.0,0.0,0.0
578,578.0,16.58242,16.3387734375,16.5241884715625,-1.0,0.0,761.0,239.0,0.0,0.0
579,579.0,15.833919999999999,16.6335,16.04500912,-1.0,0.0,736.0,264.0,0.0,0.0
580,580.0,15.775120000000001,16.65834375,16.0100575175,-1.0,0.0,734.0,266.0,0.0,0.0
581,581.0,16.16018,16.5002109375,16.2462078271875,-1.0,0.0,747.0,253.0,0.0,0.0
582,582.0,16.31008,16.4415,16.34267216,-1.0,0.0,752.0,248.0,0.0,0.0
583,583.0,16.796480000000003,16.261499999999998,16.67236464,-1.0,0.0,768.0,232.0,0.0,0.0
584,584.0,16.981520000000003,16.19709375,16.804239667500003,-1.0,0.0,774.0,226.0,0.0,0.0
585,585.0,14.660499999999999,17.1802734375,15.4290308984375,-1.0,0.0,695.0,305.0,0.0,0.0
586,586.0,15.59968,16.734,15.90821504,-1.0,0.0,728.0,272.0,0.0,0.0
587,587.0,16.1005,16.5240234375,16.2084984765625,-1.0,0.0,745.0,255.0,0.0,0.0
588,588.0,15.952,16.584375,16.1164175,-1.0,0.0,740.0,260.0,0.0,0.0
589,589.0,16.43072,16.395375,16.422095820000003,-1.0,0.0,756.0,244.0,0.0,0.0
590,590.0,16.521620000000002,16.3612734375,16.4829764784375,-1.0,0.0,759.0,241.0,0.0,0.0
591,591.0,16.16018,16.5002109375,16.2462078271875,-1.0,0.0,747.0,253.0,0.0,0.0
592,592.0,15.74578,16.6708359375,15.9927699353125,-1.0,0.0,733.0,267.0,0.0,0.0
593,593.0,16.07072,16.536,16.18983168,-1.0,0.0,744.0,256.0,0.0,0.0
594,594.0,16.49128,16.37259375,16.4625579275,-1.0,0.0,758.0,242.0,0.0,0.0
595,595.0,15.716479999999999,16.683375,15.97560786,-1.0,0.0,732.0,268.0,0.0,0.0
596,596.0,15.42568,16.81134375,15.810894522499998,-1.0,0.0,722.0,278.0,0.0,0.0
597,597.0,16.16018,16.5002109375,16.2462078271875,-1.0,0.0,747.0,253.0,0.0,0.0
598,598.0,15.570579999999998,16.7467734375,15.891680808437497,-1.0,0.0,727.0,273.0,0.0,0.0
599,599.0,16.796480000000003,16.261499999999998,16.67236464,-1.0,0.0,768.0,232.0,0.0,0.0
600,600.0,15.981620000000001,16.5722109375,16.134583052812502,-1.0,0.0,741.0,259.0,0.0,0.0
601,601.0,15.86338,16.6211484375,16.0626730990625,-1.0,0.0,737.0,263.0,0.0,0.0
602,602.0,16.31008,16.4415,16.34267216,-1.0,0.0,752.0,248.0,0.0,0.0
603,603.0,16.13032,16.51209375,16.2272905325,-1.0,0.0,746.0,254.0,0.0,0.0
604,604.0,16.49128,16.37259375,16.4625579275,-1.0,0.0,758.0,242.0,0.0,0.0
605,605.0,16.76578,16.2723984375,16.6508220959375,-1.0,0.0,767.0,233.0,0.0,0.0
606,606.0,16.67392,16.305375,16.58694338,-1.0,0.0,764.0,236.0,0.0,0.0
607,607.0,15.89288,16.60884375,16.080462502499998,-1.0,0.0,738.0,262.0,0.0,0.0
608,608.0,16.4005,16.4068359375,16.402052304687498,-1.0,0.0,755.0,245.0,0.0,0.0
609,609.0,16.13032,16.51209375,16.2272905325,-1.0,0.0,746.0,254.0,0.0,0.0
610,610.0,16.25,16.46484375,16.3037109375,-1.0,0.0,750.0,250.0,0.0,0.0
611,611.0,16.1005,16.5240234375,16.2084984765625,-1.0,0.0,745.0,255.0,0.0,0.0
612,612.0,16.7045,16.2943359375,16.608111445312502,-1.0,0.0,765.0,235.0,0.0,0.0
613,613.0,15.922419999999999,16.5965859375,16.098377309687496,-1.0,0.0,739.0,261.0,0.0,0.0
614,614.0,15.922419999999999,16.5965859375,16.098377309687496,-1.0,0.0,739.0,261.0,0.0,0.0
615,615.0,15.952,16.584375,16.1164175,-1.0,0.0,740.0,260.0,0.0,0.0
616,616.0,16.190080000000002,16.488375,16.26525034,-1.0,0.0,748.0,252.0,0.0,0.0
617,617.0,15.54152,16.75959375,15.8752722075,-1.0,0.0,726.0,274.0,0.0,0.0
618,618.0,16.16018,16.5002109375,16.2462078271875,-1.0,0.0,747.0,253.0,0.0,0.0
619,619.0,15.570579999999998,16.7467734375,15.891680808437497,-1.0,0.0,727.0,273.0,0.0,0.0
620,620.0,16.31008,16.4415,16.34267216,-1.0,0.0,752.0,248.0,0.0,0.0
621,621.0,16.34018,16.4298984375,16.3623404540625,-1.0,0.0,753.0,247.0,0.0,0.0
622,622.0,15.68722,16.6959609375,15.9585713121875,-1.0,0.0,731.0,269.0,0.0,0.0
623,623.0,16.04098,16.5480234375,16.1712901634375,-1.0,0.0,743.0,257.0,0.0,0.0
624,624.0,16.61288,16.32759375,16.5449818725,-1.0,0.0,762.0,238.0,0.0,0.0
625,625.0,16.552,16.35,16.50352,-1.0,0.0,760.0,240.0,0.0,0.0
626,626.0,16.16018,16.5002109375,16.2462078271875,-1.0,0.0,747.0,253.0,0.0,0.0
627,627.0,16.858,16.23984375,16.7158240625,-1.0,0.0,770.0,230.0,0.0,0.0
628,628.0,15.89288,16.60884375,16.080462502499998,-1.0,0.0,738.0,262.0,0.0,0.0
629,629.0,16.1005,16.5240234375,16.2084984765625,-1.0,0.0,745.0,255.0,0.0,0.0
630,630.0,16.552,16.35,16.50352,-1.0,0.0,760.0,240.0,0.0,0.0
631,631.0,16.46098,16.3839609375,16.4422643678125,-1.0,0.0,757.0,243.0,0.0,0.0
632,632.0,16.735120000000002,16.28334375,16.6294043575,-1.0,0.0,766.0,234.0,0.0,0.0
633,633.0,15.86338,16.6211484375,16.0626730990625,-1.0,0.0,737.0,263.0,0.0,0.0
634,634.0,15.981620000000001,16.5722109375,16.134583052812502,-1.0,0.0,741.0,259.0,0.0,0.0
635,635.0,15.833919999999999,16.6335,16.04500912,-1.0,0.0,736.0,264.0,0.0,0.0
636,636.0,16.37032,16.41834375,16.3821338425,-1.0,0.0,754.0,246.0,0.0,0.0
637,637.0,16.13032,16.51209375,16.2272905325,-1.0,0.0,746.0,254.0,0.0,0.0
638,638.0,16.25,16.46484375,16.3037109375,-1.0,0.0,750.0,250.0,0.0,0.0
639,639.0,16.220019999999998,16.4765859375,16.2844180503125,-1.0,0.0,749.0,251.0,0.0,0.0
640,640.0,16.4005,16.4068359375,16.402052304687498,-1.0,0.0,755.0,245.0,0.0,0.0
641,641.0,15.922419999999999,16.5965859375,16.098377309687496,-1.0,0.0,739.0,261.0,0.0,0.0
642,642.0,15.281779999999998,16.8770859375,15.7332515803125,-1.0,0.0,717.0,283.0,0.0,0.0
643,643.0,16.16018,16.5002109375,16.2462078271875,-1.0,0.0,747.0,253.0,0.0,0.0
644,644.0,15.657999999999998,16.70859375,15.941660312499998,-1.0,0.0,730.0,270.0,0.0,0.0
645,645.0,16.61288,16.32759375,16.5449818725,-1.0,0.0,762.0,238.0,0.0,0.0
646,646.0,15.68722,16.6959609375,15.9585713121875,-1.0,0.0,731.0,269.0,0.0,0.0
647,647.0,16.735120000000002,16.28334375,16.6294043575,-1.0,0.0,766.0,234.0,0.0,0.0
648,648.0,16.1005,16.5240234375,16.2084984765625,-1.0,0.0,745.0,255.0,0.0,0.0
649,649.0,16.28002,16.4531484375,16.3231289809375,-1.0,0.0,751.0,249.0,0.0,0.0
650,650.0,16.61288,16.32759375,16.5449818725,-1.0,0.0,762.0,238.0,0.0,0.0
651,651.0,16.1005,16.5240234375,16.2084984765625,-1.0,0.0,745.0,255.0,0.0,0.0
652,652.0,15.922419999999999,16.5965859375,16.098377309687496,-1.0,0.0,739.0,261.0,0.0,0.0
653,653.0,16.64338,16.3164609375,16.5659001821875,-1.0,0.0,763.0,237.0,0.0,0.0
654,654.0,16.13032,16.51209375,16.2272905325,-1.0,0.0,746.0,254.0,0.0,0.0
655,655.0,16.58242,16.3387734375,16.5241884715625,-1.0,0.0,761.0,239.0,0.0,0.0
656,656.0,15.39682,16.8243984375,15.7951143840625,-1.0,0.0,721.0,279.0,0.0,0.0
657,657.0,15.833919999999999,16.6335,16.04500912,-1.0,0.0,736.0,264.0,0.0,0.0
658,658.0,16.1005,16.5240234375,16.2084984765625,-1.0,0.0,745.0,255.0,0.0,0.0
659,659.0,16.01128,16.56009375,16.1528739475,-1.0,0.0,742.0,258.0,0.0,0.0
660,660.0,16.796480000000003,16.261499999999998,16.67236464,-1.0,0.0,768.0,232.0,0.0,0.0
661,661.0,15.922419999999999,16.5965859375,16.098377309687496,-1.0,0.0,739.0,261.0,0.0,0.0
662,662.0,16.01128,16.56009375,16.1528739475,-1.0,0.0,742.0,258.0,0.0,0.0
663,663.0,16.1005,16.5240234375,16.2084984765625,-1.0,0.0,745.0,255.0,0.0,0.0
664,664.0,15.62882,16.7212734375,15.9248748815625,-1.0,0.0,729.0,271.0,0.0,0.0
665,665.0,16.43072,16.395375,16.422095820000003,-1.0,0.0,756.0,244.0,0.0,0.0
666,666.0,15.74578,16.6708359375,15.9927699353125,-1.0,0.0,733.0,267.0,0.0,0.0
667,667.0,16.4005,16.4068359375,16.402052304687498,-1.0,0.0,755.0,245.0,0.0,0.0
668,668.0,16.82722,16.2506484375,16.6940319690625,-1.0,0.0,769.0,231.0,0.0,0.0
669,669.0,16.43072,16.395375,16.422095820000003,-1.0,0.0,756.0,244.0,0.0,0.0
670,670.0,15.922419999999999,16.5965859375,16.098377309687496,-1.0,0.0,739.0,261.0,0.0,0.0
671,671.0,16.46098,16.3839609375,16.4422643678125,-1.0,0.0,757.0,243.0,0.0,0.0
672,672.0,16.858,16.23984375,16.7158240625,-1.0,0.0,770.0,230.0,0.0,0.0
673,673.0,16.43072,16.395375,16.422095820000003,-1.0,0.0,756.0,244.0,0.0,0.0
674,674.0,15.5125,16.7724609375,15.8589892578125,-1.0,0.0,725.0,275.0,0.0,0.0
675,675.0,16.67392,16.305375,16.58694338,-1.0,0.0,764.0,236.0,0.0,0.0
676,676.0,16.61288,16.32759375,16.5449818725,-1.0,0.0,762.0,238.0,0.0,0.0
677,677.0,15.716479999999999,16.683375,15.97560786,-1.0,0.0,732.0,268.0,0.0,0.0
678,678.0,16.25,16.46484375,16.3037109375,-1.0,0.0,750.0,250.0,0.0,0.0
679,679.0,15.716479999999999,16.683375,15.97560786,-1.0,0.0,732.0,268.0,0.0,0.0
680,680.0,16.31008,16.4415,16.34267216,-1.0,0.0,752.0,248.0,0.0,0.0
681,681.0,16.16018,16.5002109375,16.2462078271875,-1.0,0.0,747.0,253.0,0.0,0.0
682,682.0,15.775120000000001,16.65834375,16.0100575175,-1.0,0.0,734.0,266.0,0.0,0.0
683,683.0,16.13032,16.51209375,16.2272905325,-1.0,0.0,746.0,254.0,0.0,0.0
684,684.0,16.01128,16.56009375,16.1528739475,-1.0,0.0,742.0,258.0,0.0,0.0
685,685.0,16.34018,16.4298984375,16.3623404540625,-1.0,0.0,753.0,247.0,0.0,0.0
686,686.0,16.04098,16.5480234375,16.1712901634375,-1.0,0.0,743.0,257.0,0.0,0.0
687,687.0,16.43072,16.395375,16.422095820000003,-1.0,0.0,756.0,244.0,0.0,0.0
688,688.0,15.39682,16.8243984375,15.7951143840625,-1.0,0.0,721.0,279.0,0.0,0.0
689,689.0,15.570579999999998,16.7467734375,15.891680808437497,-1.0,0.0,727.0,273.0,0.0,0.0
690,690.0,15.59968,16.734,15.90821504,-1.0,0.0,728.0,272.0,0.0,0.0
691,691.0,15.804499999999999,16.6458984375,16.0274705859375,-1.0,0.0,735.0,265.0,0.0,0.0
692,692.0,16.64338,16.3164609375,16.5659001821875,-1.0,0.0,763.0,237.0,0.0,0.0
693,693.0,15.89288,16.60884375,16.080462502499998,-1.0,0.0,738.0,262.0,0.0,0.0
694,694.0,16.220019999999998,16.4765859375,16.2844180503125,-1.0,0.0,749.0,251.0,0.0,0.0
695,695.0,16.01128,16.56009375,16.1528739475,-1.0,0.0,742.0,258.0,0.0,0.0
696,696.0,16.46098,16.3839609375,16.4422643678125,-1.0,0.0,757.0,243.0,0.0,0.0
697,697.0,16.28002,16.4531484375,16.3231289809375,-1.0,0.0,751.0,249.0,0.0,0.0
698,698.0,16.67392,16.305375,16.58694338,-1.0,0.0,764.0,236.0,0.0,0.0
699,699.0,16.01128,16.56009375,16.1528739475,-1.0,0.0,742.0,258.0,0.0,0.0
700,700.0,16.07072,16.536,16.18983168,-1.0,0.0,744.0,256.0,0.0,0.0
701,701.0,15.981620000000001,16.5722109375,16.134583052812502,-1.0,0.0,741.0,259.0,0.0,0.0
702,702.0,16.25,16.46484375,16.3037109375,-1.0,0.0,750.0,250.0,0.0,0.0
703,703.0,15.42568,16.81134375,15.810894522499998,-1.0,0.0,722.0,278.0,0.0,0.0
704,704.0,15.833919999999999,16.6335,16.04500912,-1.0,0.0,736.0,264.0,0.0,0.0
705,705.0,16.521620000000002,16.3612734375,16.4829764784375,-1.0,0.0,759.0,241.0,0.0,0.0
706,706.0,16.25,16.46484375,16.3037109375,-1.0,0.0,750.0,250.0,0.0,0.0
707,707.0,16.220019999999998,16.4765859375,16.2844180503125,-1.0,0.0,749.0,251.0,0.0,0.0
708,708.0,15.86338,16.6211484375,16.0626730990625,-1.0,0.0,737.0,263.0,0.0,0.0
709,709.0,15.68722,16.6959609375,15.9585713121875,-1.0,0.0,731.0,269.0,0.0,0.0
710,710.0,16.07072,16.536,16.18983168,-1.0,0.0,744.0,256.0,0.0,0.0
711,711.0,16.58242,16.3387734375,16.5241884715625,-1.0,0.0,761.0,239.0,0.0,0.0
712,712.0,16.07072,16.536,16.18983168,-1.0,0.0,744.0,256.0,0.0,0.0
713,713.0,15.922419999999999,16.5965859375,16.098377309687496,-1.0,0.0,739.0,261.0,0.0,0.0
714,714.0,16.4005,16.4068359375,16.402052304687498,-1.0,0.0,755.0,245.0,0.0,0.0
715,715.0,15.804499999999999,16.6458984375,16.0274705859375,-1.0,0.0,735.0,265.0,0.0,0.0
716,716.0,16.735120000000002,16.28334375,16.6294043575,-1.0,0.0,766.0,234.0,0.0,0.0
717,717.0,16.34018,16.4298984375,16.3623404540625,-1.0,0.0,753.0,247.0,0.0,0.0
718,718.0,16.521620000000002,16.3612734375,16.4829764784375,-1.0,0.0,759.0,241.0,0.0,0.0
719,719.0,15.86338,16.6211484375,16.0626730990625,-1.0,0.0,737.0,263.0,0.0,0.0
720,720.0,16.28002,16.4531484375,16.3231289809375,-1.0,0.0,751.0,249.0,0.0,0.0
721,721.0,16.07072,16.536,16.18983168,-1.0,0.0,744.0,256.0,0.0,0.0
722,722.0,16.61288,16.32759375,16.5449818725,-1.0,0.0,762.0,238.0,0.0,0.0
723,723.0,16.46098,16.3839609375,16.4422643678125,-1.0,0.0,757.0,243.0,0.0,0.0
724,724.0,15.59968,16.734,15.90821504,-1.0,0.0,728.0,272.0,0.0,0.0
725,725.0,15.952,16.584375,16.1164175,-1.0,0.0,740.0,260.0,0.0,0.0
726,726.0,16.07072,16.536,16.18983168,-1.0,0.0,744.0,256.0,0.0,0.0
727,727.0,16.13032,16.51209375,16.2272905325,-1.0,0.0,746.0,254.0,0.0,0.0
728,728.0,17.07458,16.1655234375,16.8718603865625,-1.0,0.0,777.0,223.0,0.0,0.0
729,729.0,15.89288,16.60884375,16.080462502499998,-1.0,0.0,738.0,262.0,0.0,0.0
730,730.0,15.657999999999998,16.70859375,15.941660312499998,-1.0,0.0,730.0,270.0,0.0,0.0
731,731.0,17.07458,16.1655234375,16.8718603865625,-1.0,0.0,777.0,223.0,0.0,0.0
732,732.0,15.952,16.584375,16.1164175,-1.0,0.0,740.0,260.0,0.0,0.0
733,733.0,15.86338,16.6211484375,16.0626730990625,-1.0,0.0,737.0,263.0,0.0,0.0
734,734.0,16.07072,16.536,16.18983168,-1.0,0.0,744.0,256.0,0.0,0.0
735,735.0,16.37032,16.41834375,16.3821338425,-1.0,0.0,754.0,246.0,0.0,0.0
736,736.0,16.04098,16.5480234375,16.1712901634375,-1.0,0.0,743.0,257.0,0.0,0.0
737,737.0,15.981620000000001,16.5722109375,16.134583052812502,-1.0,0.0,741.0,259.0,0.0,0.0
738,738.0,15.86338,16.6211484375,16.0626730990625,-1.0,0.0,737.0,263.0,0.0,0.0
739,739.0,16.1005,16.5240234375,16.2084984765625,-1.0,0.0,745.0,255.0,0.0,0.0
740,740.0,16.61288,16.32759375,16.5449818725,-1.0,0.0,762.0,238.0,0.0,0.0
741,741.0,16.16018,16.5002109375,16.2462078271875,-1.0,0.0,747.0,253.0,0.0,0.0
742,742.0,16.858,16.23984375,16.7158240625,-1.0,0.0,770.0,230.0,0.0,0.0
743,743.0,15.922419999999999,16.5965859375,16.098377309687496,-1.0,0.0,739.0,261.0,0.0,0.0
744,744.0,16.190080000000002,16.488375,16.26525034,-1.0,0.0,748.0,252.0,0.0,0.0
745,745.0,16.58242,16.3387734375,16.5241884715625,-1.0,0.0,761.0,239.0,0.0,0.0
746,746.0,16.13032,16.51209375,16.2272905325,-1.0,0.0,746.0,254.0,0.0,0.0
747,747.0,15.483519999999999,16.785375,15.842831979999998,-1.0,0.0,724.0,276.0,0.0,0.0
748,748.0,16.220019999999998,16.4765859375,16.2844180503125,-1.0,0.0,749.0,251.0,0.0,0.0
749,749.0,16.220019999999998,16.4765859375,16.2844180503125,-1.0,0.0,749.0,251.0,0.0,0.0
750,750.0,15.981620000000001,16.5722109375,16.134583052812502,-1.0,0.0,741.0,259.0,0.0,0.0
751,751.0,16.13032,16.51209375,16.2272905325,-1.0,0.0,746.0,254.0,0.0,0.0
752,752.0,15.775120000000001,16.65834375,16.0100575175,-1.0,0.0,734.0,266.0,0.0,0.0
753,753.0,16.34018,16.4298984375,16.3623404540625,-1.0,0.0,753.0,247.0,0.0,0.0
754,754.0,17.168,16.134375,16.940602499999997,-1.0,0.0,780.0,220.0,0.0,0.0
755,755.0,16.07072,16.536,16.18983168,-1.0,0.0,744.0,256.0,0.0,0.0
756,756.0,16.82722,16.2506484375,16.6940319690625,-1.0,0.0,769.0,231.0,0.0,0.0
757,757.0,16.34018,16.4298984375,16.3623404540625,-1.0,0.0,753.0,247.0,0.0,0.0
758,758.0,15.54152,16.75959375,15.8752722075,-1.0,0.0,726.0,274.0,0.0,0.0
759,759.0,16.1005,16.5240234375,16.2084984765625,-1.0,0.0,745.0,255.0,0.0,0.0
760,760.0,15.54152,16.75959375,15.8752722075,-1.0,0.0,726.0,274.0,0.0,0.0
761,761.0,16.28002,16.4531484375,16.3231289809375,-1.0,0.0,751.0,249.0,0.0,0.0
762,762.0,16.735120000000002,16.28334375,16.6294043575,-1.0,0.0,766.0,234.0,0.0,0.0
763,763.0,15.89288,16.60884375,16.080462502499998,-1.0,0.0,738.0,262.0,0.0,0.0
764,764.0,16.13032,16.51209375,16.2272905325,-1.0,0.0,746.0,254.0,0.0,0.0
765,765.0,16.91968,16.218375,16.75978246,-1.0,0.0,772.0,228.0,0.0,0.0
766,766.0,16.190080000000002,16.488375,16.26525034,-1.0,0.0,748.0,252.0,0.0,0.0
767,767.0,16.37032,16.41834375,16.3821338425,-1.0,0.0,754.0,246.0,0.0,0.0
768,768.0,16.37032,16.41834375,16.3821338425,-1.0,0.0,754.0,246.0,0.0,0.0
769,769.0,16.43072,16.395375,16.422095820000003,-1.0,0.0,756.0,244.0,0.0,0.0
770,770.0,16.43072,16.395375,16.422095820000003,-1.0,0.0,756.0,244.0,0.0,0.0
771,771.0,16.31008,16.4415,16.34267216,-1.0,0.0,752.0,248.0,0.0,0.0
772,772.0,16.31008,16.4415,16.34267216,-1.0,0.0,752.0,248.0,0.0,0.0
773,773.0,16.34018,16.4298984375,16.3623404540625,-1.0,0.0,753.0,247.0,0.0,0.0
774,774.0,16.25,16.46484375,16.3037109375,-1.0,0.0,750.0,250.0,0.0,0.0
775,775.0,16.28002,16.4531484375,16.3231289809375,-1.0,0.0,751.0,249.0,0.0,0.0
776,776.0,16.552,16.35,16.50352,-1.0,0.0,760.0,240.0,0.0,0.0
777,777.0,15.833919999999999,16.6335,16.04500912,-1.0,0.0,736.0,264.0,0.0,0.0
778,778.0,15.89288,16.60884375,16.080462502499998,-1.0,0.0,738.0,262.0,0.0,0.0
779,779.0,16.25,16.46484375,16.3037109375,-1.0,0.0,750.0,250.0,0.0,0.0
780,780.0,15.952,16.584375,16.1164175,-1.0,0.0,740.0,260.0,0.0,0.0
781,781.0,16.46098,16.3839609375,16.4422643678125,-1.0,0.0,757.0,243.0,0.0,0.0
782,782.0,16.552,16.35,16.50352,-1.0,0.0,760.0,240.0,0.0,0.0
783,783.0,16.25,16.46484375,16.3037109375,-1.0,0.0,750.0,250.0,0.0,0.0
784,784.0,15.804499999999999,16.6458984375,16.0274705859375,-1.0,0.0,735.0,265.0,0.0,0.0
785,785.0,15.16738,16.9305234375,15.6734021665625,-1.0,0.0,713.0,287.0,0.0,0.0
786,786.0,16.521620000000002,16.3612734375,16.4829764784375,-1.0,0.0,759.0,241.0,0.0,0.0
787,787.0,16.13032,16.51209375,16.2272905325,-1.0,0.0,746.0,254.0,0.0,0.0
788,788.0,16.64338,16.3164609375,16.5659001821875,-1.0,0.0,763.0,237.0,0.0,0.0
789,789.0,16.220019999999998,16.4765859375,16.2844180503125,-1.0,0.0,749.0,251.0,0.0,0.0
790,790.0,16.01128,16.56009375,16.1528739475,-1.0,0.0,742.0,258.0,0.0,0.0
791,791.0,16.31008,16.4415,16.34267216,-1.0,0.0,752.0,248.0,0.0,0.0
792,792.0,16.4005,16.4068359375,16.402052304687498,-1.0,0.0,755.0,245.0,0.0,0.0
793,793.0,16.76578,16.2723984375,16.6508220959375,-1.0,0.0,767.0,233.0,0.0,0.0
794,794.0,16.43072,16.395375,16.422095820000003,-1.0,0.0,756.0,244.0,0.0,0.0
795,795.0,16.521620000000002,16.3612734375,16.4829764784375,-1.0,0.0,759.0,241.0,0.0,0.0
796,796.0,16.220019999999998,16.4765859375,16.2844180503125,-1.0,0.0,749.0,251.0,0.0,0.0
797,797.0,16.82722,16.2506484375,16.6940319690625,-1.0,0.0,769.0,231.0,0.0,0.0
798,798.0,14.275220000000001,17.3850234375,15.2672472965625,-1.0,0.0,681.0,319.0,0.0,0.0
799,799.0,15.952,16.584375,16.1164175,-1.0,0.0,740.0,260.0,0.0,0.0
800,800.0,16.37032,16.41834375,16.3821338425,-1.0,0.0,754.0,246.0,0.0,0.0
801,801.0,16.34018,16.4298984375,16.3623404540625,-1.0,0.0,753.0,247.0,0.0,0.0
802,802.0,16.28002,16.4531484375,16.3231289809375,-1.0,0.0,751.0,249.0,0.0,0.0
803,803.0,16.43072,16.395375,16.422095820000003,-1.0,0.0,756.0,244.0,0.0,0.0
804,804.0,16.220019999999998,16.4765859375,16.2844180503125,-1.0,0.0,749.0,251.0,0.0,0.0
805,805.0,15.483519999999999,16.785375,15.842831979999998,-1.0,0.0,724.0,276.0,0.0,0.0
806,806.0,16.34018,16.4298984375,16.3623404540625,-1.0,0.0,753.0,247.0,0.0,0.0
807,807.0,15.833919999999999,16.6335,16.04500912,-1.0,0.0,736.0,264.0,0.0,0.0
808,808.0,16.07072,16.536,16.18983168,-1.0,0.0,744.0,256.0,0.0,0.0
809,809.0,15.570579999999998,16.7467734375,15.891680808437497,-1.0,0.0,727.0,273.0,0.0,0.0
810,810.0,17.26178,16.1036484375,17.0104654509375,-1.0,0.0,783.0,217.0,0.0,0.0
811,811.0,16.49128,16.37259375,16.4625579275,-1.0,0.0,758.0,242.0,0.0,0.0
812,812.0,16.190080000000002,16.488375,16.26525034,-1.0,0.0,748.0,252.0,0.0,0.0
813,813.0,16.31008,16.4415,16.34267216,-1.0,0.0,752.0,248.0,0.0,0.0
814,814.0,16.190080000000002,16.488375,16.26525034,-1.0,0.0,748.0,252.0,0.0,0.0
815,815.0,16.31008,16.4415,16.34267216,-1.0,0.0,752.0,248.0,0.0,0.0
816,816.0,16.61288,16.32759375,16.5449818725,-1.0,0.0,762.0,238.0,0.0,0.0
817,817.0,16.61288,16.32759375,16.5449818725,-1.0,0.0,762.0,238.0,0.0,0.0
818,818.0,16.58242,16.3387734375,16.5241884715625,-1.0,0.0,761.0,239.0,0.0,0.0
819,819.0,15.716479999999999,16.683375,15.97560786,-1.0,0.0,732.0,268.0,0.0,0.0
820,820.0,16.46098,16.3839609375,16.4422643678125,-1.0,0.0,757.0,243.0,0.0,0.0
821,821.0,16.981520000000003,16.19709375,16.804239667500003,-1.0,0.0,774.0,226.0,0.0,0.0
822,822.0,13.871120000000001,17.61459375,15.121440232500001,-1.0,0.0,666.0,334.0,0.0,0.0
823,823.0,16.521620000000002,16.3612734375,16.4829764784375,-1.0,0.0,759.0,241.0,0.0,0.0
824,824.0,16.04098,16.5480234375,16.1712901634375,-1.0,0.0,743.0,257.0,0.0,0.0
825,825.0,16.49128,16.37259375,16.4625579275,-1.0,0.0,758.0,242.0,0.0,0.0
826,826.0,16.46098,16.3839609375,16.4422643678125,-1.0,0.0,757.0,243.0,0.0,0.0
827,827.0,16.49128,16.37259375,16.4625579275,-1.0,0.0,758.0,242.0,0.0,0.0
828,828.0,15.62882,16.7212734375,15.9248748815625,-1.0,0.0,729.0,271.0,0.0,0.0
829,829.0,16.735120000000002,16.28334375,16.6294043575,-1.0,0.0,766.0,234.0,0.0,0.0
830,830.0,16.28002,16.4531484375,16.3231289809375,-1.0,0.0,751.0,249.0,0.0,0.0
831,831.0,15.804499999999999,16.6458984375,16.0274705859375,-1.0,0.0,735.0,265.0,0.0,0.0
832,832.0,16.01128,16.56009375,16.1528739475,-1.0,0.0,742.0,258.0,0.0,0.0
833,833.0,16.61288,16.32759375,16.5449818725,-1.0,0.0,762.0,238.0,0.0,0.0
834,834.0,16.31008,16.4415,16.34267216,-1.0,0.0,752.0,248.0,0.0,0.0
835,835.0,15.5125,16.7724609375,15.8589892578125,-1.0,0.0,725.0,275.0,0.0,0.0
836,836.0,16.7045,16.2943359375,16.608111445312502,-1.0,0.0,765.0,235.0,0.0,0.0
837,837.0,15.775120000000001,16.65834375,16.0100575175,-1.0,0.0,734.0,266.0,0.0,0.0
838,838.0,16.67392,16.305375,16.58694338,-1.0,0.0,764.0,236.0,0.0,0.0
839,839.0,16.01128,16.56009375,16.1528739475,-1.0,0.0,742.0,258.0,0.0,0.0
840,840.0,15.54152,16.75959375,15.8752722075,-1.0,0.0,726.0,274.0,0.0,0.0
841,841.0,15.86338,16.6211484375,16.0626730990625,-1.0,0.0,737.0,263.0,0.0,0.0
842,842.0,15.86338,16.6211484375,16.0626730990625,-1.0,0.0,737.0,263.0,0.0,0.0
843,843.0,16.67392,16.305375,16.58694338,-1.0,0.0,764.0,236.0,0.0,0.0
844,844.0,16.13032,16.51209375,16.2272905325,-1.0,0.0,746.0,254.0,0.0,0.0
845,845.0,16.31008,16.4415,16.34267216,-1.0,0.0,752.0,248.0,0.0,0.0
846,846.0,16.76578,16.2723984375,16.6508220959375,-1.0,0.0,767.0,233.0,0.0,0.0
847,847.0,16.13032,16.51209375,16.2272905325,-1.0,0.0,746.0,254.0,0.0,0.0
848,848.0,15.922419999999999,16.5965859375,16.098377309687496,-1.0,0.0,739.0,261.0,0.0,0.0
849,849.0,16.858,16.23984375,16.7158240625,-1.0,0.0,770.0,230.0,0.0,0.0
850,850.0,16.521620000000002,16.3612734375,16.4829764784375,-1.0,0.0,759.0,241.0,0.0,0.0
851,851.0,15.59968,16.734,15.90821504,-1.0,0.0,728.0,272.0,0.0,0.0
852,852.0,16.25,16.46484375,16.3037109375,-1.0,0.0,750.0,250.0,0.0,0.0
853,853.0,16.28002,16.4531484375,16.3231289809375,-1.0,0.0,751.0,249.0,0.0,0.0
854,854.0,15.716479999999999,16.683375,15.97560786,-1.0,0.0,732.0,268.0,0.0,0.0
855,855.0,16.31008,16.4415,16.34267216,-1.0,0.0,752.0,248.0,0.0,0.0
856,856.0,16.735120000000002,16.28334375,16.6294043575,-1.0,0.0,766.0,234.0,0.0,0.0
857,857.0,16.552,16.35,16.50352,-1.0,0.0,760.0,240.0,0.0,0.0
858,858.0,15.570579999999998,16.7467734375,15.891680808437497,-1.0,0.0,727.0,273.0,0.0,0.0
859,859.0,16.76578,16.2723984375,16.6508220959375,-1.0,0.0,767.0,233.0,0.0,0.0
860,860.0,17.012500000000003,16.1865234375,16.8266552734375,-1.0,0.0,775.0,225.0,0.0,0.0
861,861.0,14.940499999999998,17.0396484375,15.559748789062498,-1.0,0.0,705.0,295.0,0.0,0.0
862,862.0,16.13032,16.51209375,16.2272905325,-1.0,0.0,746.0,254.0,0.0,0.0
863,863.0,16.34018,16.4298984375,16.3623404540625,-1.0,0.0,753.0,247.0,0.0,0.0
864,864.0,16.25,16.46484375,16.3037109375,-1.0,0.0,750.0,250.0,0.0,0.0
865,865.0,15.657999999999998,16.70859375,15.941660312499998,-1.0,0.0,730.0,270.0,0.0,0.0
866,866.0,16.49128,16.37259375,16.4625579275,-1.0,0.0,758.0,242.0,0.0,0.0
867,867.0,16.01128,16.56009375,16.1528739475,-1.0,0.0,742.0,258.0,0.0,0.0
868,868.0,16.58242,16.3387734375,16.5241884715625,-1.0,0.0,761.0,239.0,0.0,0.0
869,869.0,17.10568,16.15509375,16.8946498525,-1.0,0.0,778.0,222.0,0.0,0.0
870,870.0,15.922419999999999,16.5965859375,16.098377309687496,-1.0,0.0,739.0,261.0,0.0,0.0
871,871.0,16.13032,16.51209375,16.2272905325,-1.0,0.0,746.0,254.0,0.0,0.0
872,872.0,16.1005,16.5240234375,16.2084984765625,-1.0,0.0,745.0,255.0,0.0,0.0
873,873.0,16.13032,16.51209375,16.2272905325,-1.0,0.0,746.0,254.0,0.0,0.0
874,874.0,15.86338,16.6211484375,16.0626730990625,-1.0,0.0,737.0,263.0,0.0,0.0
875,875.0,16.49128,16.37259375,16.4625579275,-1.0,0.0,758.0,242.0,0.0,0.0
876,876.0,16.64338,16.3164609375,16.5659001821875,-1.0,0.0,763.0,237.0,0.0,0.0
877,877.0,16.43072,16.395375,16.422095820000003,-1.0,0.0,756.0,244.0,0.0,0.0
878,878.0,15.775120000000001,16.65834375,16.0100575175,-1.0,0.0,734.0,266.0,0.0,0.0
879,879.0,15.922419999999999,16.5965859375,16.098377309687496,-1.0,0.0,739.0,261.0,0.0,0.0
880,880.0,16.64338,16.3164609375,16.5659001821875,-1.0,0.0,763.0,237.0,0.0,0.0
881,881.0,16.25,16.46484375,16.3037109375,-1.0,0.0,750.0,250.0,0.0,0.0
882,882.0,15.89288,16.60884375,16.080462502499998,-1.0,0.0,738.0,262.0,0.0,0.0
883,883.0,16.04098,16.5480234375,16.1712901634375,-1.0,0.0,743.0,257.0,0.0,0.0
884,884.0,16.01128,16.56009375,16.1528739475,-1.0,0.0,742.0,258.0,0.0,0.0
885,885.0,15.74578,16.6708359375,15.9927699353125,-1.0,0.0,733.0,267.0,0.0,0.0
886,886.0,15.833919999999999,16.6335,16.04500912,-1.0,0.0,736.0,264.0,0.0,0.0
887,887.0,16.67392,16.305375,16.58694338,-1.0,0.0,764.0,236.0,0.0,0.0
888,888.0,16.521620000000002,16.3612734375,16.4829764784375,-1.0,0.0,759.0,241.0,0.0,0.0
889,889.0,16.58242,16.3387734375,16.5241884715625,-1.0,0.0,761.0,239.0,0.0,0.0
890,890.0,17.13682,16.1447109375,16.917563897187502,-1.0,0.0,779.0,221.0,0.0,0.0
891,891.0,15.25312,16.890375,15.718100419999999,-1.0,0.0,716.0,284.0,0.0,0.0
892,892.0,16.49128,16.37259375,16.4625579275,-1.0,0.0,758.0,242.0,0.0,0.0
893,893.0,16.34018,16.4298984375,16.3623404540625,-1.0,0.0,753.0,247.0,0.0,0.0
894,894.0,16.31008,16.4415,16.34267216,-1.0,0.0,752.0,248.0,0.0,0.0
895,895.0,17.13682,16.1447109375,16.917563897187502,-1.0,0.0,779.0,221.0,0.0,0.0
896,896.0,14.329780000000001,17.3552109375,15.2888416071875,-1.0,0.0,683.0,317.0,0.0,0.0
897,897.0,16.552,16.35,16.50352,-1.0,0.0,760.0,240.0,0.0,0.0
898,898.0,15.86338,16.6211484375,16.0626730990625,-1.0,0.0,737.0,263.0,0.0,0.0
899,899.0,15.833919999999999,16.6335,16.04500912,-1.0,0.0,736.0,264.0,0.0,0.0
900,900.0,16.1005,16.5240234375,16.2084984765625,-1.0,0.0,745.0,255.0,0.0,0.0
901,901.0,15.775120000000001,16.65834375,16.0100575175,-1.0,0.0,734.0,266.0,0.0,0.0
902,902.0,17.293120000000002,16.0935,17.03400208,-1.0,0.0,784.0,216.0,0.0,0.0
903,903.0,16.07072,16.536,16.18983168,-1.0,0.0,744.0,256.0,0.0,0.0
904,904.0,15.62882,16.7212734375,15.9248748815625,-1.0,0.0,729.0,271.0,0.0,0.0
905,905.0,15.86338,16.6211484375,16.0626730990625,-1.0,0.0,737.0,263.0,0.0,0.0
906,906.0,16.37032,16.41834375,16.3821338425,-1.0,0.0,754.0,246.0,0.0,0.0
907,907.0,16.16018,16.5002109375,16.2462078271875,-1.0,0.0,747.0,253.0,0.0,0.0
908,908.0,16.43072,16.395375,16.422095820000003,-1.0,0.0,756.0,244.0,0.0,0.0
909,909.0,16.07072,16.536,16.18983168,-1.0,0.0,744.0,256.0,0.0,0.0
910,910.0,16.34018,16.4298984375,16.3623404540625,-1.0,0.0,753.0,247.0,0.0,0.0
911,911.0,16.190080000000002,16.488375,16.26525034,-1.0,0.0,748.0,252.0,0.0,0.0
912,912.0,16.25,16.46484375,16.3037109375,-1.0,0.0,750.0,250.0,0.0,0.0
913,913.0,15.39682,16.8243984375,15.7951143840625,-1.0,0.0,721.0,279.0,0.0,0.0
914,914.0,16.16018,16.5002109375,16.2462078271875,-1.0,0.0,747.0,253.0,0.0,0.0
915,915.0,16.46098,16.3839609375,16.4422643678125,-1.0,0.0,757.0,243.0,0.0,0.0
916,916.0,15.570579999999998,16.7467734375,15.891680808437497,-1.0,0.0,727.0,273.0,0.0,0.0
917,917.0,14.996979999999999,17.0120859375,15.5874060396875,-1.0,0.0,707.0,293.0,0.0,0.0
918,918.0,15.89288,16.60884375,16.080462502499998,-1.0,0.0,738.0,262.0,0.0,0.0
919,919.0,16.25,16.46484375,16.3037109375,-1.0,0.0,750.0,250.0,0.0,0.0
920,920.0,16.43072,16.395375,16.422095820000003,-1.0,0.0,756.0,244.0,0.0,0.0
921,921.0,16.13032,16.51209375,16.2272905325,-1.0,0.0,746.0,254.0,0.0,0.0
922,922.0,17.199220000000004,16.1240859375,16.963765640312502,-1.0,0.0,781.0,219.0,0.0,0.0
923,923.0,16.16018,16.5002109375,16.2462078271875,-1.0,0.0,747.0,253.0,0.0,0.0
924,924.0,16.13032,16.51209375,16.2272905325,-1.0,0.0,746.0,254.0,0.0,0.0
925,925.0,16.13032,16.51209375,16.2272905325,-1.0,0.0,746.0,254.0,0.0,0.0
926,926.0,16.981520000000003,16.19709375,16.804239667500003,-1.0,0.0,774.0,226.0,0.0,0.0
927,927.0,16.67392,16.305375,16.58694338,-1.0,0.0,764.0,236.0,0.0,0.0
928,928.0,16.07072,16.536,16.18983168,-1.0,0.0,744.0,256.0,0.0,0.0
929,929.0,16.37032,16.41834375,16.3821338425,-1.0,0.0,754.0,246.0,0.0,0.0
930,930.0,15.804499999999999,16.6458984375,16.0274705859375,-1.0,0.0,735.0,265.0,0.0,0.0
931,931.0,16.28002,16.4531484375,16.3231289809375,-1.0,0.0,751.0,249.0,0.0,0.0
932,932.0,16.37032,16.41834375,16.3821338425,-1.0,0.0,754.0,246.0,0.0,0.0
933,933.0,15.86338,16.6211484375,16.0626730990625,-1.0,0.0,737.0,263.0,0.0,0.0
934,934.0,16.552,16.35,16.50352,-1.0,0.0,760.0,240.0,0.0,0.0
935,935.0,16.95058,16.2077109375,16.7819487228125,-1.0,0.0,773.0,227.0,0.0,0.0
936,936.0,15.657999999999998,16.70859375,15.941660312499998,-1.0,0.0,730.0,270.0,0.0,0.0
937,937.0,16.28002,16.4531484375,16.3231289809375,-1.0,0.0,751.0,249.0,0.0,0.0
938,938.0,15.952,16.584375,16.1164175,-1.0,0.0,740.0,260.0,0.0,0.0
939,939.0,16.7045,16.2943359375,16.608111445312502,-1.0,0.0,765.0,235.0,0.0,0.0
940,940.0,16.16018,16.5002109375,16.2462078271875,-1.0,0.0,747.0,253.0,0.0,0.0
941,941.0,16.58242,16.3387734375,16.5241884715625,-1.0,0.0,761.0,239.0,0.0,0.0
942,942.0,16.796480000000003,16.261499999999998,16.67236464,-1.0,0.0,768.0,232.0,0.0,0.0
943,943.0,15.922419999999999,16.5965859375,16.098377309687496,-1.0,0.0,739.0,261.0,0.0,0.0
944,944.0,16.43072,16.395375,16.422095820000003,-1.0,0.0,756.0,244.0,0.0,0.0
945,945.0,16.46098,16.3839609375,16.4422643678125,-1.0,0.0,757.0,243.0,0.0,0.0
946,946.0,16.01128,16.56009375,16.1528739475,-1.0,0.0,742.0,258.0,0.0,0.0
947,947.0,16.49128,16.37259375,16.4625579275,-1.0,0.0,758.0,242.0,0.0,0.0
948,948.0,16.190080000000002,16.488375,16.26525034,-1.0,0.0,748.0,252.0,0.0,0.0
949,949.0,15.833919999999999,16.6335,16.04500912,-1.0,0.0,736.0,264.0,0.0,0.0
950,950.0,16.31008,16.4415,16.34267216,-1.0,0.0,752.0,248.0,0.0,0.0
951,951.0,16.64338,16.3164609375,16.5659001821875,-1.0,0.0,763.0,237.0,0.0,0.0
952,952.0,16.25,16.46484375,16.3037109375,-1.0,0.0,750.0,250.0,0.0,0.0
953,953.0,16.28002,16.4531484375,16.3231289809375,-1.0,0.0,751.0,249.0,0.0,0.0
954,954.0,16.31008,16.4415,16.34267216,-1.0,0.0,752.0,248.0,0.0,0.0
955,955.0,16.37032,16.41834375,16.3821338425,-1.0,0.0,754.0,246.0,0.0,0.0
956,956.0,17.23048,16.11384375,16.9870532975,-1.0,0.0,782.0,218.0,0.0,0.0
957,957.0,8.527999999999999,22.884375,16.854697499999997,-1.0,0.0,420.0,580.0,0.0,0.0
958,958.0,16.67392,16.305375,16.58694338,-1.0,0.0,764.0,236.0,0.0,0.0
959,959.0,15.54152,16.75959375,15.8752722075,-1.0,0.0,726.0,274.0,0.0,0.0
960,960.0,15.5125,16.7724609375,15.8589892578125,-1.0,0.0,725.0,275.0,0.0,0.0
961,961.0,15.74578,16.6708359375,15.9927699353125,-1.0,0.0,733.0,267.0,0.0,0.0
962,962.0,16.190080000000002,16.488375,16.26525034,-1.0,0.0,748.0,252.0,0.0,0.0
963,963.0,16.16018,16.5002109375,16.2462078271875,-1.0,0.0,747.0,253.0,0.0,0.0
964,964.0,16.16018,16.5002109375,16.2462078271875,-1.0,0.0,747.0,253.0,0.0,0.0
965,965.0,16.25,16.46484375,16.3037109375,-1.0,0.0,750.0,250.0,0.0,0.0
966,966.0,16.64338,16.3164609375,16.5659001821875,-1.0,0.0,763.0,237.0,0.0,0.0
967,967.0,16.735120000000002,16.28334375,16.6294043575,-1.0,0.0,766.0,234.0,0.0,0.0
968,968.0,16.64338,16.3164609375,16.5659001821875,-1.0,0.0,763.0,237.0,0.0,0.0
969,969.0,16.31008,16.4415,16.34267216,-1.0,0.0,752.0,248.0,0.0,0.0
970,970.0,16.34018,16.4298984375,16.3623404540625,-1.0,0.0,753.0,247.0,0.0,0.0
971,971.0,16.521620000000002,16.3612734375,16.4829764784375,-1.0,0.0,759.0,241.0,0.0,0.0
972,972.0,16.49128,16.37259375,16.4625579275,-1.0,0.0,758.0,242.0,0.0,0.0
973,973.0,16.43072,16.395375,16.422095820000003,-1.0,0.0,756.0,244.0,0.0,0.0
974,974.0,15.86338,16.6211484375,16.0626730990625,-1.0,0.0,737.0,263.0,0.0,0.0
975,975.0,16.01128,16.56009375,16.1528739475,-1.0,0.0,742.0,258.0,0.0,0.0
976,976.0,16.552,16.35,16.50352,-1.0,0.0,760.0,240.0,0.0,0.0
977,977.0,16.31008,16.4415,16.34267216,-1.0,0.0,752.0,248.0,0.0,0.0
978,978.0,16.01128,16.56009375,16.1528739475,-1.0,0.0,742.0,258.0,0.0,0.0
979,979.0,16.4005,16.4068359375,16.402052304687498,-1.0,0.0,755.0,245.0,0.0,0.0
980,980.0,16.34018,16.4298984375,16.3623404540625,-1.0,0.0,753.0,247.0,0.0,0.0
981,981.0,16.1005,16.5240234375,16.2084984765625,-1.0,0.0,745.0,255.0,0.0,0.0
982,982.0,16.190080000000002,16.488375,16.26525034,-1.0,0.0,748.0,252.0,0.0,0.0
983,983.0,16.64338,16.3164609375,16.5659001821875,-1.0,0.0,763.0,237.0,0.0,0.0
984,984.0,16.220019999999998,16.4765859375,16.2844180503125,-1.0,0.0,749.0,251.0,0.0,0.0
985,985.0,15.86338,16.6211484375,16.0626730990625,-1.0,0.0,737.0,263.0,0.0,0.0
986,986.0,16.01128,16.56009375,16.1528739475,-1.0,0.0,742.0,258.0,0.0,0.0
987,987.0,15.981620000000001,16.5722109375,16.134583052812502,-1.0,0.0,741.0,259.0,0.0,0.0
988,988.0,16.16018,16.5002109375,16.2462078271875,-1.0,0.0,747.0,253.0,0.0,0.0
989,989.0,16.4005,16.4068359375,16.402052304687498,-1.0,0.0,755.0,245.0,0.0,0.0
990,990.0,16.01128,16.56009375,16.1528739475,-1.0,0.0,742.0,258.0,0.0,0.0
991,991.0,16.95058,16.2077109375,16.7819487228125,-1.0,0.0,773.0,227.0,0.0,0.0
992,992.0,16.4005,16.4068359375,16.402052304687498,-1.0,0.0,755.0,245.0,0.0,0.0
993,993.0,16.28002,16.4531484375,16.3231289809375,-1.0,0.0,751.0,249.0,0.0,0.0
994,994.0,15.922419999999999,16.5965859375,16.098377309687496,-1.0,0.0,739.0,261.0,0.0,0.0
995,995.0,16.25,16.46484375,16.3037109375,-1.0,0.0,750.0,250.0,0.0,0.0
996,996.0,16.95058,16.2077109375,16.7819487228125,-1.0,0.0,773.0,227.0,0.0,0.0
997,997.0,16.13032,16.51209375,16.2272905325,-1.0,0.0,746.0,254.0,0.0,0.0
998,998.0,15.981620000000001,16.5722109375,16.134583052812502,-1.0,0.0,741.0,259.0,0.0,0.0
999,999.0,16.64338,16.3164609375,16.5659001821875,-1.0,0.0,763.0,237.0,0.0,0.0
